0	12	12	12	12	12	12	12	12	12	12	12	12	12	12	12	12	12	12	12	12	0	0	0	0	0	0	0	0	0	0	0	0	0	0	0	0	0	0	0	0	0	0	0	0	0	0	0	0	0	0	0	0	0	0	0	0	0	0	0	0	0	0	0	0	0	0	0	0	0	0	0	0	0	0	0	0	0	0	0	0	0	0	0	0	0	0	0	0	0	0	0	0	0	0	0	0	0	0	0	0	0	0	0	0	0	0	0	0	0	0	0	0	0	0	0	0	0	0	0	0	0	0	0	0	0	0	0	0	0	0	0	0	0	0	0	0	0	0	0	0	0	0	0	0	0	0	0	0	0	0	0	0	0	0	0	0	0	0	0	0
12	0	12	12	12	12	12	12	12	12	12	12	12	12	12	12	9	12	12	12	12	0	0	0	0	0	0	0	0	0	0	0	0	0	0	0	0	0	0	0	0	0	0	0	0	0	0	0	0	0	0	0	0	0	0	0	0	0	0	0	0	0	0	0	0	0	0	0	0	0	0	0	0	0	0	0	0	0	0	0	0	0	0	0	0	0	0	0	0	0	0	0	0	0	0	0	0	0	0	0	0	0	0	0	0	0	0	0	0	0	0	0	0	0	0	0	0	0	0	0	0	0	0	0	0	0	0	0	0	0	0	0	0	0	0	0	0	0	0	0	0	0	0	0	0	0	0	0	0	0	0	0	0	0	0	0	0	0	0	0	0
12	12	0	12	12	12	12	12	12	12	12	12	12	12	12	12	12	12	12	12	12	0	0	0	0	0	0	0	0	0	0	0	0	0	0	0	0	0	0	0	0	0	0	0	0	0	0	0	0	0	0	0	0	0	0	0	0	0	0	0	0	0	0	0	0	0	0	0	0	0	0	0	0	0	0	0	0	0	0	0	0	0	0	0	0	0	0	0	0	0	0	0	0	0	0	0	0	0	0	0	0	0	0	0	0	0	0	0	0	0	0	0	0	0	0	0	0	0	0	0	0	0	0	0	0	0	0	0	0	0	0	0	0	0	0	0	0	0	0	0	0	0	0	0	0	0	0	0	0	0	0	0	0	0	0	0	0	0	0	0	0
12	12	12	0	6	12	12	12	12	12	12	12	9	12	12	12	12	12	12	12	12	0	0	0	0	0	0	0	0	0	0	0	0	0	0	0	0	0	0	0	0	0	0	0	0	0	0	0	0	0	0	0	0	0	0	0	0	0	0	0	0	0	0	0	0	0	0	0	0	0	0	0	0	0	0	0	0	0	0	0	0	0	0	0	0	0	0	0	0	0	0	0	0	0	0	0	0	0	0	0	0	0	0	0	0	0	0	0	0	0	0	0	0	0	0	0	0	0	0	0	0	0	0	0	0	0	0	0	0	0	0	0	0	0	0	0	0	0	0	0	0	0	0	0	0	0	0	0	0	0	0	0	0	0	0	0	0	0	0	0	0
12	12	12	6	0	12	12	12	12	9	12	12	12	12	6	12	12	12	12	12	12	0	0	0	0	0	0	0	0	0	0	0	0	0	0	0	0	0	0	0	0	0	0	0	0	0	0	0	0	0	0	0	0	0	0	0	0	0	0	0	0	0	0	0	0	0	0	0	0	0	0	0	0	0	0	0	0	0	0	0	0	0	0	0	0	0	0	0	0	0	0	0	0	0	0	0	0	0	0	0	0	0	0	0	0	0	0	0	0	0	0	0	0	0	0	0	0	0	0	0	0	0	0	0	0	0	0	0	0	0	0	0	0	0	0	0	0	0	0	0	0	0	0	0	0	0	0	0	0	0	0	0	0	0	0	0	0	0	0	0	0
12	12	12	12	12	0	12	12	12	12	12	12	12	12	12	12	12	12	12	9	3	0	0	0	0	0	0	0	0	0	0	0	0	0	0	0	0	0	0	0	0	0	0	0	0	0	0	0	0	0	0	0	0	0	0	0	0	0	0	0	0	0	0	0	0	0	0	0	0	0	0	0	0	0	0	0	0	0	0	0	0	0	0	0	0	0	0	0	0	0	0	0	0	0	0	0	0	0	0	0	0	0	0	0	0	0	0	0	0	0	0	0	0	0	0	0	0	0	0	0	0	0	0	0	0	0	0	0	0	0	0	0	0	0	0	0	0	0	0	0	0	0	0	0	0	0	0	0	0	0	0	0	0	0	0	0	0	0	0	0	0
12	12	12	12	12	12	0	12	12	12	12	12	12	12	12	12	12	12	12	12	12	0	0	0	0	0	0	0	0	0	0	0	0	0	0	0	0	0	0	0	0	0	0	0	0	0	0	0	0	0	0	0	0	0	0	0	0	0	0	0	0	0	0	0	0	0	0	0	0	0	0	0	0	0	0	0	0	0	0	0	0	0	0	0	0	0	0	0	0	0	0	0	0	0	0	0	0	0	0	0	0	0	0	0	0	0	0	0	0	0	0	0	0	0	0	0	0	0	0	0	0	0	0	0	0	0	0	0	0	0	0	0	0	0	0	0	0	0	0	0	0	0	0	0	0	0	0	0	0	0	0	0	0	0	0	0	0	0	0	0	0
12	12	12	12	12	12	12	0	12	12	12	12	9	12	12	12	12	12	12	12	6	0	0	0	0	0	0	0	0	0	0	0	0	0	0	0	0	0	0	0	0	0	0	0	0	0	0	0	0	0	0	0	0	0	0	0	0	0	0	0	0	0	0	0	0	0	0	0	0	0	0	0	0	0	0	0	0	0	0	0	0	0	0	0	0	0	0	0	0	0	0	0	0	0	0	0	0	0	0	0	0	0	0	0	0	0	0	0	0	0	0	0	0	0	0	0	0	0	0	0	0	0	0	0	0	0	0	0	0	0	0	0	0	0	0	0	0	0	0	0	0	0	0	0	0	0	0	0	0	0	0	0	0	0	0	0	0	0	0	0	0
12	12	12	12	12	12	12	12	0	12	6	9	12	12	12	12	12	12	3	12	12	0	0	0	0	0	0	0	0	0	0	0	0	0	0	0	0	0	0	0	0	0	0	0	0	0	0	0	0	0	0	0	0	0	0	0	0	0	0	0	0	0	0	0	0	0	0	0	0	0	0	0	0	0	0	0	0	0	0	0	0	0	0	0	0	0	0	0	0	0	0	0	0	0	0	0	0	0	0	0	0	0	0	0	0	0	0	0	0	0	0	0	0	0	0	0	0	0	0	0	0	0	0	0	0	0	0	0	0	0	0	0	0	0	0	0	0	0	0	0	0	0	0	0	0	0	0	0	0	0	0	0	0	0	0	0	0	0	0	0	0
12	12	12	12	9	12	12	12	12	0	12	12	12	12	9	6	12	12	12	12	12	0	0	0	0	0	0	0	0	0	0	0	0	0	0	0	0	0	0	0	0	0	0	0	0	0	0	0	0	0	0	0	0	0	0	0	0	0	0	0	0	0	0	0	0	0	0	0	0	0	0	0	0	0	0	0	0	0	0	0	0	0	0	0	0	0	0	0	0	0	0	0	0	0	0	0	0	0	0	0	0	0	0	0	0	0	0	0	0	0	0	0	0	0	0	0	0	0	0	0	0	0	0	0	0	0	0	0	0	0	0	0	0	0	0	0	0	0	0	0	0	0	0	0	0	0	0	0	0	0	0	0	0	0	0	0	0	0	0	0	0
12	12	12	12	12	12	12	12	6	12	0	6	12	12	12	12	12	12	9	12	12	0	0	0	0	0	0	0	0	0	0	0	0	0	0	0	0	0	0	0	0	0	0	0	0	0	0	0	0	0	0	0	0	0	0	0	0	0	0	0	0	0	0	0	0	0	0	0	0	0	0	0	0	0	0	0	0	0	0	0	0	0	0	0	0	0	0	0	0	0	0	0	0	0	0	0	0	0	0	0	0	0	0	0	0	0	0	0	0	0	0	0	0	0	0	0	0	0	0	0	0	0	0	0	0	0	0	0	0	0	0	0	0	0	0	0	0	0	0	0	0	0	0	0	0	0	0	0	0	0	0	0	0	0	0	0	0	0	0	0	0
12	12	12	12	12	12	12	12	9	12	6	0	12	12	12	12	12	12	9	12	12	0	0	0	0	0	0	0	0	0	0	0	0	0	0	0	0	0	0	0	0	0	0	0	0	0	0	0	0	0	0	0	0	0	0	0	0	0	0	0	0	0	0	0	0	0	0	0	0	0	0	0	0	0	0	0	0	0	0	0	0	0	0	0	0	0	0	0	0	0	0	0	0	0	0	0	0	0	0	0	0	0	0	0	0	0	0	0	0	0	0	0	0	0	0	0	0	0	0	0	0	0	0	0	0	0	0	0	0	0	0	0	0	0	0	0	0	0	0	0	0	0	0	0	0	0	0	0	0	0	0	0	0	0	0	0	0	0	0	0	0
12	12	12	9	12	12	12	9	12	12	12	12	0	12	12	12	9	12	12	12	12	0	0	0	0	0	0	0	0	0	0	0	0	0	0	0	0	0	0	0	0	0	0	0	0	0	0	0	0	0	0	0	0	0	0	0	0	0	0	0	0	0	0	0	0	0	0	0	0	0	0	0	0	0	0	0	0	0	0	0	0	0	0	0	0	0	0	0	0	0	0	0	0	0	0	0	0	0	0	0	0	0	0	0	0	0	0	0	0	0	0	0	0	0	0	0	0	0	0	0	0	0	0	0	0	0	0	0	0	0	0	0	0	0	0	0	0	0	0	0	0	0	0	0	0	0	0	0	0	0	0	0	0	0	0	0	0	0	0	0	0
12	12	12	12	12	12	12	12	12	12	12	12	12	0	12	12	12	12	12	12	12	0	0	0	0	0	0	0	0	0	0	0	0	0	0	0	0	0	0	0	0	0	0	0	0	0	0	0	0	0	0	0	0	0	0	0	0	0	0	0	0	0	0	0	0	0	0	0	0	0	0	0	0	0	0	0	0	0	0	0	0	0	0	0	0	0	0	0	0	0	0	0	0	0	0	0	0	0	0	0	0	0	0	0	0	0	0	0	0	0	0	0	0	0	0	0	0	0	0	0	0	0	0	0	0	0	0	0	0	0	0	0	0	0	0	0	0	0	0	0	0	0	0	0	0	0	0	0	0	0	0	0	0	0	0	0	0	0	0	0	0
12	12	12	12	6	12	12	12	12	9	12	12	12	12	0	9	12	12	12	12	12	0	0	0	0	0	0	0	0	0	0	0	0	0	0	0	0	0	0	0	0	0	0	0	0	0	0	0	0	0	0	0	0	0	0	0	0	0	0	0	0	0	0	0	0	0	0	0	0	0	0	0	0	0	0	0	0	0	0	0	0	0	0	0	0	0	0	0	0	0	0	0	0	0	0	0	0	0	0	0	0	0	0	0	0	0	0	0	0	0	0	0	0	0	0	0	0	0	0	0	0	0	0	0	0	0	0	0	0	0	0	0	0	0	0	0	0	0	0	0	0	0	0	0	0	0	0	0	0	0	0	0	0	0	0	0	0	0	0	0	0
12	12	12	12	12	12	12	12	12	6	12	12	12	12	9	0	12	12	12	12	12	0	0	0	0	0	0	0	0	0	0	0	0	0	0	0	0	0	0	0	0	0	0	0	0	0	0	0	0	0	0	0	0	0	0	0	0	0	0	0	0	0	0	0	0	0	0	0	0	0	0	0	0	0	0	0	0	0	0	0	0	0	0	0	0	0	0	0	0	0	0	0	0	0	0	0	0	0	0	0	0	0	0	0	0	0	0	0	0	0	0	0	0	0	0	0	0	0	0	0	0	0	0	0	0	0	0	0	0	0	0	0	0	0	0	0	0	0	0	0	0	0	0	0	0	0	0	0	0	0	0	0	0	0	0	0	0	0	0	0	0
12	9	12	12	12	12	12	12	12	12	12	12	9	12	12	12	0	9	12	12	12	0	0	0	0	0	0	0	0	0	0	0	0	0	0	0	0	0	0	0	0	0	0	0	0	0	0	0	0	0	0	0	0	0	0	0	0	0	0	0	0	0	0	0	0	0	0	0	0	0	0	0	0	0	0	0	0	0	0	0	0	0	0	0	0	0	0	0	0	0	0	0	0	0	0	0	0	0	0	0	0	0	0	0	0	0	0	0	0	0	0	0	0	0	0	0	0	0	0	0	0	0	0	0	0	0	0	0	0	0	0	0	0	0	0	0	0	0	0	0	0	0	0	0	0	0	0	0	0	0	0	0	0	0	0	0	0	0	0	0	0
12	12	12	12	12	12	12	12	12	12	12	12	12	12	12	12	9	0	12	12	12	0	0	0	0	0	0	0	0	0	0	0	0	0	0	0	0	0	0	0	0	0	0	0	0	0	0	0	0	0	0	0	0	0	0	0	0	0	0	0	0	0	0	0	0	0	0	0	0	0	0	0	0	0	0	0	0	0	0	0	0	0	0	0	0	0	0	0	0	0	0	0	0	0	0	0	0	0	0	0	0	0	0	0	0	0	0	0	0	0	0	0	0	0	0	0	0	0	0	0	0	0	0	0	0	0	0	0	0	0	0	0	0	0	0	0	0	0	0	0	0	0	0	0	0	0	0	0	0	0	0	0	0	0	0	0	0	0	0	0	0
12	12	12	12	12	12	12	12	3	12	9	9	12	12	12	12	12	12	0	12	12	0	0	0	0	0	0	0	0	0	0	0	0	0	0	0	0	0	0	0	0	0	0	0	0	0	0	0	0	0	0	0	0	0	0	0	0	0	0	0	0	0	0	0	0	0	0	0	0	0	0	0	0	0	0	0	0	0	0	0	0	0	0	0	0	0	0	0	0	0	0	0	0	0	0	0	0	0	0	0	0	0	0	0	0	0	0	0	0	0	0	0	0	0	0	0	0	0	0	0	0	0	0	0	0	0	0	0	0	0	0	0	0	0	0	0	0	0	0	0	0	0	0	0	0	0	0	0	0	0	0	0	0	0	0	0	0	0	0	0	0
12	12	12	12	12	9	12	12	12	12	12	12	12	12	12	12	12	12	12	0	6	0	0	0	0	0	0	0	0	0	0	0	0	0	0	0	0	0	0	0	0	0	0	0	0	0	0	0	0	0	0	0	0	0	0	0	0	0	0	0	0	0	0	0	0	0	0	0	0	0	0	0	0	0	0	0	0	0	0	0	0	0	0	0	0	0	0	0	0	0	0	0	0	0	0	0	0	0	0	0	0	0	0	0	0	0	0	0	0	0	0	0	0	0	0	0	0	0	0	0	0	0	0	0	0	0	0	0	0	0	0	0	0	0	0	0	0	0	0	0	0	0	0	0	0	0	0	0	0	0	0	0	0	0	0	0	0	0	0	0	0
12	12	12	12	12	3	12	6	12	12	12	12	12	12	12	12	12	12	12	6	0	0	0	0	0	0	0	0	0	0	0	0	0	0	0	0	0	0	0	0	0	0	0	0	0	0	0	0	0	0	0	0	0	0	0	0	0	0	0	0	0	0	0	0	0	0	0	0	0	0	0	0	0	0	0	0	0	0	0	0	0	0	0	0	0	0	0	0	0	0	0	0	0	0	0	0	0	0	0	0	0	0	0	0	0	0	0	0	0	0	0	0	0	0	0	0	0	0	0	0	0	0	0	0	0	0	0	0	0	0	0	0	0	0	0	0	0	0	0	0	0	0	0	0	0	0	0	0	0	0	0	0	0	0	0	0	0	0	0	0	0
0	0	0	0	0	0	0	0	0	0	0	0	0	0	0	0	0	0	0	0	0	0	4	16	32	66	67	54	55	59	50	62	66	65	63	57	62	50	64	59	61	62	57	64	52	69	71	71	73	58	62	70	70	67	70	67	64	64	69	69	69	69	70	76	63	62	61	73	72	65	69	65	67	65	65	70	70	66	61	64	61	0	0	0	0	0	0	0	0	0	0	0	0	0	0	0	0	0	0	0	0	0	0	0	0	0	0	0	0	0	0	0	0	0	0	0	0	0	0	0	0	0	0	0	0	0	0	0	0	0	0	0	0	0	0	0	0	0	0	0	0	0	0	0	0	0	0	0	0	0	0	0	0	0	0	0	0	0	0	0	0
0	0	0	0	0	0	0	0	0	0	0	0	0	0	0	0	0	0	0	0	0	4	0	16	32	66	67	54	55	59	50	62	66	61	59	57	62	51	64	60	61	62	57	64	52	69	71	71	73	59	62	70	70	67	70	67	64	64	69	69	69	69	70	76	63	63	61	73	72	65	69	65	67	65	65	70	70	66	61	64	61	0	0	0	0	0	0	0	0	0	0	0	0	0	0	0	0	0	0	0	0	0	0	0	0	0	0	0	0	0	0	0	0	0	0	0	0	0	0	0	0	0	0	0	0	0	0	0	0	0	0	0	0	0	0	0	0	0	0	0	0	0	0	0	0	0	0	0	0	0	0	0	0	0	0	0	0	0	0	0	0
0	0	0	0	0	0	0	0	0	0	0	0	0	0	0	0	0	0	0	0	0	16	16	0	24	65	66	54	55	59	50	58	65	67	65	56	54	59	72	64	61	62	54	63	53	60	68	67	66	58	59	69	69	67	64	68	65	65	73	73	73	73	68	73	63	63	65	73	73	62	65	67	70	67	67	72	72	65	62	64	62	0	0	0	0	0	0	0	0	0	0	0	0	0	0	0	0	0	0	0	0	0	0	0	0	0	0	0	0	0	0	0	0	0	0	0	0	0	0	0	0	0	0	0	0	0	0	0	0	0	0	0	0	0	0	0	0	0	0	0	0	0	0	0	0	0	0	0	0	0	0	0	0	0	0	0	0	0	0	0	0
0	0	0	0	0	0	0	0	0	0	0	0	0	0	0	0	0	0	0	0	0	32	32	24	0	65	76	64	63	67	60	64	71	72	70	60	62	65	78	60	56	72	60	70	63	65	71	70	69	67	67	74	74	71	67	71	71	71	76	76	76	76	68	75	55	67	70	74	74	56	75	74	79	74	74	79	79	73	69	66	64	0	0	0	0	0	0	0	0	0	0	0	0	0	0	0	0	0	0	0	0	0	0	0	0	0	0	0	0	0	0	0	0	0	0	0	0	0	0	0	0	0	0	0	0	0	0	0	0	0	0	0	0	0	0	0	0	0	0	0	0	0	0	0	0	0	0	0	0	0	0	0	0	0	0	0	0	0	0	0	0
0	0	0	0	0	0	0	0	0	0	0	0	0	0	0	0	0	0	0	0	0	66	66	65	65	0	63	67	71	71	59	64	64	74	72	70	53	70	76	61	59	55	56	60	57	57	68	71	66	59	71	66	65	64	68	52	55	52	74	74	74	74	66	68	64	60	63	57	61	54	76	70	80	71	72	75	72	75	75	63	57	0	0	0	0	0	0	0	0	0	0	0	0	0	0	0	0	0	0	0	0	0	0	0	0	0	0	0	0	0	0	0	0	0	0	0	0	0	0	0	0	0	0	0	0	0	0	0	0	0	0	0	0	0	0	0	0	0	0	0	0	0	0	0	0	0	0	0	0	0	0	0	0	0	0	0	0	0	0	0	0
0	0	0	0	0	0	0	0	0	0	0	0	0	0	0	0	0	0	0	0	0	67	67	66	76	63	0	62	51	51	64	54	59	66	68	71	50	67	66	59	56	35	57	63	61	56	74	73	64	60	74	60	60	55	66	55	52	52	69	69	69	69	67	75	72	64	57	59	59	58	60	69	73	70	74	70	74	71	71	65	65	0	0	0	0	0	0	0	0	0	0	0	0	0	0	0	0	0	0	0	0	0	0	0	0	0	0	0	0	0	0	0	0	0	0	0	0	0	0	0	0	0	0	0	0	0	0	0	0	0	0	0	0	0	0	0	0	0	0	0	0	0	0	0	0	0	0	0	0	0	0	0	0	0	0	0	0	0	0	0	0
0	0	0	0	0	0	0	0	0	0	0	0	0	0	0	0	0	0	0	0	0	54	54	54	64	67	62	0	20	20	23	42	44	61	61	58	61	59	71	62	59	51	50	55	61	68	67	68	61	50	66	62	65	69	68	62	59	59	66	67	66	67	66	62	68	55	47	66	67	60	68	59	62	67	70	72	75	59	67	67	68	0	0	0	0	0	0	0	0	0	0	0	0	0	0	0	0	0	0	0	0	0	0	0	0	0	0	0	0	0	0	0	0	0	0	0	0	0	0	0	0	0	0	0	0	0	0	0	0	0	0	0	0	0	0	0	0	0	0	0	0	0	0	0	0	0	0	0	0	0	0	0	0	0	0	0	0	0	0	0	0
0	0	0	0	0	0	0	0	0	0	0	0	0	0	0	0	0	0	0	0	0	55	55	55	63	71	51	20	0	4	38	42	52	66	66	56	62	57	68	68	54	51	50	58	64	67	70	71	63	54	61	61	64	66	68	58	55	55	71	72	71	72	67	69	64	54	46	67	68	60	62	63	69	71	74	71	74	63	66	63	62	0	0	0	0	0	0	0	0	0	0	0	0	0	0	0	0	0	0	0	0	0	0	0	0	0	0	0	0	0	0	0	0	0	0	0	0	0	0	0	0	0	0	0	0	0	0	0	0	0	0	0	0	0	0	0	0	0	0	0	0	0	0	0	0	0	0	0	0	0	0	0	0	0	0	0	0	0	0	0	0
0	0	0	0	0	0	0	0	0	0	0	0	0	0	0	0	0	0	0	0	0	59	59	59	67	71	51	20	4	0	38	42	52	66	66	60	59	57	68	68	58	51	46	58	64	66	70	71	63	53	65	60	63	65	68	58	55	55	71	72	71	72	67	69	68	51	46	67	68	60	66	63	69	67	70	71	74	59	70	63	66	0	0	0	0	0	0	0	0	0	0	0	0	0	0	0	0	0	0	0	0	0	0	0	0	0	0	0	0	0	0	0	0	0	0	0	0	0	0	0	0	0	0	0	0	0	0	0	0	0	0	0	0	0	0	0	0	0	0	0	0	0	0	0	0	0	0	0	0	0	0	0	0	0	0	0	0	0	0	0	0
0	0	0	0	0	0	0	0	0	0	0	0	0	0	0	0	0	0	0	0	0	50	50	50	60	59	64	23	38	38	0	42	44	63	63	63	56	54	63	64	55	47	52	45	62	69	60	61	69	40	61	72	71	69	66	58	55	55	61	61	61	61	63	56	63	57	48	58	62	56	65	62	58	58	61	67	66	57	66	66	67	0	0	0	0	0	0	0	0	0	0	0	0	0	0	0	0	0	0	0	0	0	0	0	0	0	0	0	0	0	0	0	0	0	0	0	0	0	0	0	0	0	0	0	0	0	0	0	0	0	0	0	0	0	0	0	0	0	0	0	0	0	0	0	0	0	0	0	0	0	0	0	0	0	0	0	0	0	0	0	0
0	0	0	0	0	0	0	0	0	0	0	0	0	0	0	0	0	0	0	0	0	62	62	58	64	64	54	42	42	42	42	0	20	64	64	60	42	56	70	69	54	43	44	31	57	65	69	67	67	36	61	65	64	65	62	59	59	59	62	63	62	63	56	64	66	52	30	45	49	55	70	63	64	63	66	71	70	55	70	70	70	0	0	0	0	0	0	0	0	0	0	0	0	0	0	0	0	0	0	0	0	0	0	0	0	0	0	0	0	0	0	0	0	0	0	0	0	0	0	0	0	0	0	0	0	0	0	0	0	0	0	0	0	0	0	0	0	0	0	0	0	0	0	0	0	0	0	0	0	0	0	0	0	0	0	0	0	0	0	0	0
0	0	0	0	0	0	0	0	0	0	0	0	0	0	0	0	0	0	0	0	0	66	66	65	71	64	59	44	52	52	44	20	0	64	64	58	48	58	70	69	55	50	54	35	55	64	66	64	65	27	61	64	63	66	62	62	62	62	66	67	66	67	57	55	68	54	26	44	48	61	70	62	64	62	65	71	70	54	70	63	63	0	0	0	0	0	0	0	0	0	0	0	0	0	0	0	0	0	0	0	0	0	0	0	0	0	0	0	0	0	0	0	0	0	0	0	0	0	0	0	0	0	0	0	0	0	0	0	0	0	0	0	0	0	0	0	0	0	0	0	0	0	0	0	0	0	0	0	0	0	0	0	0	0	0	0	0	0	0	0	0
0	0	0	0	0	0	0	0	0	0	0	0	0	0	0	0	0	0	0	0	0	65	61	67	72	74	66	61	66	66	63	64	64	0	6	68	58	62	36	65	62	62	74	74	74	65	62	61	68	66	64	73	72	69	73	70	74	74	28	29	28	29	73	71	74	76	64	77	81	72	64	61	66	65	68	70	73	61	65	70	74	0	0	0	0	0	0	0	0	0	0	0	0	0	0	0	0	0	0	0	0	0	0	0	0	0	0	0	0	0	0	0	0	0	0	0	0	0	0	0	0	0	0	0	0	0	0	0	0	0	0	0	0	0	0	0	0	0	0	0	0	0	0	0	0	0	0	0	0	0	0	0	0	0	0	0	0	0	0	0	0
0	0	0	0	0	0	0	0	0	0	0	0	0	0	0	0	0	0	0	0	0	63	59	65	70	72	68	61	66	66	63	64	64	6	0	68	56	62	34	65	62	64	74	74	74	65	62	61	68	66	64	73	72	69	73	70	74	74	30	31	30	31	73	71	74	76	64	75	79	72	64	61	66	65	68	70	73	61	65	70	72	0	0	0	0	0	0	0	0	0	0	0	0	0	0	0	0	0	0	0	0	0	0	0	0	0	0	0	0	0	0	0	0	0	0	0	0	0	0	0	0	0	0	0	0	0	0	0	0	0	0	0	0	0	0	0	0	0	0	0	0	0	0	0	0	0	0	0	0	0	0	0	0	0	0	0	0	0	0	0	0
0	0	0	0	0	0	0	0	0	0	0	0	0	0	0	0	0	0	0	0	0	57	57	56	60	70	71	58	56	60	63	60	58	68	68	0	66	53	74	53	64	67	60	63	64	69	63	60	73	62	43	66	66	72	76	62	66	66	71	72	71	72	71	64	54	58	58	75	75	68	60	50	60	54	54	54	58	50	46	56	53	0	0	0	0	0	0	0	0	0	0	0	0	0	0	0	0	0	0	0	0	0	0	0	0	0	0	0	0	0	0	0	0	0	0	0	0	0	0	0	0	0	0	0	0	0	0	0	0	0	0	0	0	0	0	0	0	0	0	0	0	0	0	0	0	0	0	0	0	0	0	0	0	0	0	0	0	0	0	0	0
0	0	0	0	0	0	0	0	0	0	0	0	0	0	0	0	0	0	0	0	0	62	62	54	62	53	50	61	62	59	56	42	48	58	56	66	0	58	63	60	58	40	45	52	56	47	66	64	58	51	65	58	57	53	58	54	58	58	63	63	63	63	46	68	65	54	55	41	45	55	60	61	67	59	62	67	66	58	64	65	67	0	0	0	0	0	0	0	0	0	0	0	0	0	0	0	0	0	0	0	0	0	0	0	0	0	0	0	0	0	0	0	0	0	0	0	0	0	0	0	0	0	0	0	0	0	0	0	0	0	0	0	0	0	0	0	0	0	0	0	0	0	0	0	0	0	0	0	0	0	0	0	0	0	0	0	0	0	0	0	0
0	0	0	0	0	0	0	0	0	0	0	0	0	0	0	0	0	0	0	0	0	50	51	59	65	70	67	59	57	57	54	56	58	62	62	53	58	0	58	56	62	59	62	59	61	67	65	66	65	55	55	69	69	67	65	60	64	64	62	63	62	63	74	65	61	64	53	62	61	61	63	48	62	53	53	64	61	52	57	58	60	0	0	0	0	0	0	0	0	0	0	0	0	0	0	0	0	0	0	0	0	0	0	0	0	0	0	0	0	0	0	0	0	0	0	0	0	0	0	0	0	0	0	0	0	0	0	0	0	0	0	0	0	0	0	0	0	0	0	0	0	0	0	0	0	0	0	0	0	0	0	0	0	0	0	0	0	0	0	0	0
0	0	0	0	0	0	0	0	0	0	0	0	0	0	0	0	0	0	0	0	0	64	64	72	78	76	66	71	68	68	63	70	70	36	34	74	63	58	0	69	74	64	79	72	78	75	67	62	79	66	62	77	77	77	80	71	75	75	42	42	41	41	76	72	81	79	71	74	73	75	60	64	53	61	64	66	65	61	65	66	68	0	0	0	0	0	0	0	0	0	0	0	0	0	0	0	0	0	0	0	0	0	0	0	0	0	0	0	0	0	0	0	0	0	0	0	0	0	0	0	0	0	0	0	0	0	0	0	0	0	0	0	0	0	0	0	0	0	0	0	0	0	0	0	0	0	0	0	0	0	0	0	0	0	0	0	0	0	0	0	0
0	0	0	0	0	0	0	0	0	0	0	0	0	0	0	0	0	0	0	0	0	59	60	64	60	61	59	62	68	68	64	69	69	65	65	53	60	56	69	0	57	58	60	73	63	69	63	63	74	66	66	69	69	68	75	57	64	61	67	67	67	67	72	64	52	60	68	69	69	54	66	66	71	68	68	72	68	69	67	68	67	0	0	0	0	0	0	0	0	0	0	0	0	0	0	0	0	0	0	0	0	0	0	0	0	0	0	0	0	0	0	0	0	0	0	0	0	0	0	0	0	0	0	0	0	0	0	0	0	0	0	0	0	0	0	0	0	0	0	0	0	0	0	0	0	0	0	0	0	0	0	0	0	0	0	0	0	0	0	0	0
0	0	0	0	0	0	0	0	0	0	0	0	0	0	0	0	0	0	0	0	0	61	61	61	56	59	56	59	54	58	55	54	55	62	62	64	58	62	74	57	0	55	64	59	60	57	71	74	60	55	63	57	56	51	50	46	49	46	69	69	69	69	61	71	55	59	53	63	67	34	65	64	71	64	71	68	71	68	64	64	60	0	0	0	0	0	0	0	0	0	0	0	0	0	0	0	0	0	0	0	0	0	0	0	0	0	0	0	0	0	0	0	0	0	0	0	0	0	0	0	0	0	0	0	0	0	0	0	0	0	0	0	0	0	0	0	0	0	0	0	0	0	0	0	0	0	0	0	0	0	0	0	0	0	0	0	0	0	0	0	0
0	0	0	0	0	0	0	0	0	0	0	0	0	0	0	0	0	0	0	0	0	62	62	62	72	55	35	51	51	51	47	43	50	62	64	67	40	59	64	58	55	0	55	50	57	63	78	77	70	51	66	63	63	55	72	52	52	52	62	62	62	62	62	74	71	68	53	54	54	54	64	62	66	63	67	67	71	63	62	67	67	0	0	0	0	0	0	0	0	0	0	0	0	0	0	0	0	0	0	0	0	0	0	0	0	0	0	0	0	0	0	0	0	0	0	0	0	0	0	0	0	0	0	0	0	0	0	0	0	0	0	0	0	0	0	0	0	0	0	0	0	0	0	0	0	0	0	0	0	0	0	0	0	0	0	0	0	0	0	0	0
0	0	0	0	0	0	0	0	0	0	0	0	0	0	0	0	0	0	0	0	0	57	57	54	60	56	57	50	50	46	52	44	54	74	74	60	45	62	79	60	64	55	0	66	63	60	70	68	64	56	72	65	62	66	60	64	61	61	77	77	77	77	60	64	65	42	54	65	67	58	67	66	73	63	66	71	70	65	69	74	74	0	0	0	0	0	0	0	0	0	0	0	0	0	0	0	0	0	0	0	0	0	0	0	0	0	0	0	0	0	0	0	0	0	0	0	0	0	0	0	0	0	0	0	0	0	0	0	0	0	0	0	0	0	0	0	0	0	0	0	0	0	0	0	0	0	0	0	0	0	0	0	0	0	0	0	0	0	0	0	0
0	0	0	0	0	0	0	0	0	0	0	0	0	0	0	0	0	0	0	0	0	64	64	63	70	60	63	55	58	58	45	31	35	74	74	63	52	59	72	73	59	50	66	0	60	64	67	62	67	34	63	62	61	58	67	57	57	57	66	66	66	66	56	58	60	65	51	44	48	61	72	70	66	66	66	72	68	62	69	64	64	0	0	0	0	0	0	0	0	0	0	0	0	0	0	0	0	0	0	0	0	0	0	0	0	0	0	0	0	0	0	0	0	0	0	0	0	0	0	0	0	0	0	0	0	0	0	0	0	0	0	0	0	0	0	0	0	0	0	0	0	0	0	0	0	0	0	0	0	0	0	0	0	0	0	0	0	0	0	0	0
0	0	0	0	0	0	0	0	0	0	0	0	0	0	0	0	0	0	0	0	0	52	52	53	63	57	61	61	64	64	62	57	55	74	74	64	56	61	78	63	60	57	63	60	0	64	77	78	64	54	70	51	51	53	64	42	39	39	75	75	75	75	54	78	60	57	50	60	60	56	79	63	78	64	64	72	72	66	71	64	60	0	0	0	0	0	0	0	0	0	0	0	0	0	0	0	0	0	0	0	0	0	0	0	0	0	0	0	0	0	0	0	0	0	0	0	0	0	0	0	0	0	0	0	0	0	0	0	0	0	0	0	0	0	0	0	0	0	0	0	0	0	0	0	0	0	0	0	0	0	0	0	0	0	0	0	0	0	0	0	0
0	0	0	0	0	0	0	0	0	0	0	0	0	0	0	0	0	0	0	0	0	69	69	60	65	57	56	68	67	66	69	65	64	65	65	69	47	67	75	69	57	63	60	64	64	0	60	64	32	62	68	41	40	39	41	56	57	57	67	67	67	67	48	69	61	56	62	66	70	62	65	68	73	68	69	71	68	68	67	57	62	0	0	0	0	0	0	0	0	0	0	0	0	0	0	0	0	0	0	0	0	0	0	0	0	0	0	0	0	0	0	0	0	0	0	0	0	0	0	0	0	0	0	0	0	0	0	0	0	0	0	0	0	0	0	0	0	0	0	0	0	0	0	0	0	0	0	0	0	0	0	0	0	0	0	0	0	0	0	0	0
0	0	0	0	0	0	0	0	0	0	0	0	0	0	0	0	0	0	0	0	0	71	71	68	71	68	74	67	70	70	60	69	66	62	62	63	66	65	67	63	71	78	70	67	77	60	0	17	65	68	68	65	64	69	63	74	78	78	59	62	59	62	64	33	64	68	65	67	71	79	77	77	74	74	74	79	75	68	75	62	68	0	0	0	0	0	0	0	0	0	0	0	0	0	0	0	0	0	0	0	0	0	0	0	0	0	0	0	0	0	0	0	0	0	0	0	0	0	0	0	0	0	0	0	0	0	0	0	0	0	0	0	0	0	0	0	0	0	0	0	0	0	0	0	0	0	0	0	0	0	0	0	0	0	0	0	0	0	0	0	0
0	0	0	0	0	0	0	0	0	0	0	0	0	0	0	0	0	0	0	0	0	71	71	67	70	71	73	68	71	71	61	67	64	61	61	60	64	66	62	63	74	77	68	62	78	64	17	0	61	66	68	69	68	73	66	73	77	77	63	63	63	63	60	38	64	67	65	68	72	77	72	76	69	73	70	78	71	67	71	67	73	0	0	0	0	0	0	0	0	0	0	0	0	0	0	0	0	0	0	0	0	0	0	0	0	0	0	0	0	0	0	0	0	0	0	0	0	0	0	0	0	0	0	0	0	0	0	0	0	0	0	0	0	0	0	0	0	0	0	0	0	0	0	0	0	0	0	0	0	0	0	0	0	0	0	0	0	0	0	0	0
0	0	0	0	0	0	0	0	0	0	0	0	0	0	0	0	0	0	0	0	0	73	73	66	69	66	64	61	63	63	69	67	65	68	68	73	58	65	79	74	60	70	64	67	64	32	65	61	0	64	63	49	48	54	33	66	66	66	73	73	73	73	58	68	62	61	64	66	70	68	67	63	69	70	63	74	63	64	64	68	69	0	0	0	0	0	0	0	0	0	0	0	0	0	0	0	0	0	0	0	0	0	0	0	0	0	0	0	0	0	0	0	0	0	0	0	0	0	0	0	0	0	0	0	0	0	0	0	0	0	0	0	0	0	0	0	0	0	0	0	0	0	0	0	0	0	0	0	0	0	0	0	0	0	0	0	0	0	0	0	0
0	0	0	0	0	0	0	0	0	0	0	0	0	0	0	0	0	0	0	0	0	58	59	58	67	59	60	50	54	53	40	36	27	66	66	62	51	55	66	66	55	51	56	34	54	62	68	66	64	0	59	62	61	65	65	58	58	58	61	61	61	61	58	60	64	49	39	56	60	57	68	62	66	57	60	67	66	54	67	60	59	0	0	0	0	0	0	0	0	0	0	0	0	0	0	0	0	0	0	0	0	0	0	0	0	0	0	0	0	0	0	0	0	0	0	0	0	0	0	0	0	0	0	0	0	0	0	0	0	0	0	0	0	0	0	0	0	0	0	0	0	0	0	0	0	0	0	0	0	0	0	0	0	0	0	0	0	0	0	0	0
0	0	0	0	0	0	0	0	0	0	0	0	0	0	0	0	0	0	0	0	0	62	62	59	67	71	74	66	61	65	61	61	61	64	64	43	65	55	62	66	63	66	72	63	70	68	68	68	63	59	0	67	67	72	77	61	68	65	63	66	63	66	71	71	68	69	61	74	74	67	42	40	36	37	30	45	30	28	40	58	58	0	0	0	0	0	0	0	0	0	0	0	0	0	0	0	0	0	0	0	0	0	0	0	0	0	0	0	0	0	0	0	0	0	0	0	0	0	0	0	0	0	0	0	0	0	0	0	0	0	0	0	0	0	0	0	0	0	0	0	0	0	0	0	0	0	0	0	0	0	0	0	0	0	0	0	0	0	0	0	0
0	0	0	0	0	0	0	0	0	0	0	0	0	0	0	0	0	0	0	0	0	70	70	69	74	66	60	62	61	60	72	65	64	73	73	66	58	69	77	69	57	63	65	62	51	41	65	69	49	62	67	0	3	17	52	55	55	55	75	75	75	75	54	72	70	57	61	64	65	65	70	73	75	76	72	78	70	64	67	61	63	0	0	0	0	0	0	0	0	0	0	0	0	0	0	0	0	0	0	0	0	0	0	0	0	0	0	0	0	0	0	0	0	0	0	0	0	0	0	0	0	0	0	0	0	0	0	0	0	0	0	0	0	0	0	0	0	0	0	0	0	0	0	0	0	0	0	0	0	0	0	0	0	0	0	0	0	0	0	0	0
0	0	0	0	0	0	0	0	0	0	0	0	0	0	0	0	0	0	0	0	0	70	70	69	74	65	60	65	64	63	71	64	63	72	72	66	57	69	77	69	56	63	62	61	51	40	64	68	48	61	67	3	0	20	51	55	55	55	74	74	74	74	51	71	69	56	60	63	65	65	70	73	75	76	72	78	70	64	67	61	63	0	0	0	0	0	0	0	0	0	0	0	0	0	0	0	0	0	0	0	0	0	0	0	0	0	0	0	0	0	0	0	0	0	0	0	0	0	0	0	0	0	0	0	0	0	0	0	0	0	0	0	0	0	0	0	0	0	0	0	0	0	0	0	0	0	0	0	0	0	0	0	0	0	0	0	0	0	0	0	0
0	0	0	0	0	0	0	0	0	0	0	0	0	0	0	0	0	0	0	0	0	67	67	67	71	64	55	69	66	65	69	65	66	69	69	72	53	67	77	68	51	55	66	58	53	39	69	73	54	65	72	17	20	0	53	50	50	50	73	73	73	73	51	72	65	61	64	58	59	64	71	77	75	76	72	78	70	71	75	63	63	0	0	0	0	0	0	0	0	0	0	0	0	0	0	0	0	0	0	0	0	0	0	0	0	0	0	0	0	0	0	0	0	0	0	0	0	0	0	0	0	0	0	0	0	0	0	0	0	0	0	0	0	0	0	0	0	0	0	0	0	0	0	0	0	0	0	0	0	0	0	0	0	0	0	0	0	0	0	0	0
0	0	0	0	0	0	0	0	0	0	0	0	0	0	0	0	0	0	0	0	0	70	70	64	67	68	66	68	68	68	66	62	62	73	73	76	58	65	80	75	50	72	60	67	64	41	63	66	33	65	77	52	51	53	0	66	66	66	77	77	77	77	59	58	63	59	63	63	67	58	73	66	74	70	74	74	74	73	75	64	64	0	0	0	0	0	0	0	0	0	0	0	0	0	0	0	0	0	0	0	0	0	0	0	0	0	0	0	0	0	0	0	0	0	0	0	0	0	0	0	0	0	0	0	0	0	0	0	0	0	0	0	0	0	0	0	0	0	0	0	0	0	0	0	0	0	0	0	0	0	0	0	0	0	0	0	0	0	0	0	0
0	0	0	0	0	0	0	0	0	0	0	0	0	0	0	0	0	0	0	0	0	67	67	68	71	52	55	62	58	58	58	59	62	70	70	62	54	60	71	57	46	52	64	57	42	56	74	73	66	58	61	55	55	50	66	0	7	4	74	74	74	74	50	75	58	55	56	64	64	47	64	52	66	56	60	57	57	62	62	54	50	0	0	0	0	0	0	0	0	0	0	0	0	0	0	0	0	0	0	0	0	0	0	0	0	0	0	0	0	0	0	0	0	0	0	0	0	0	0	0	0	0	0	0	0	0	0	0	0	0	0	0	0	0	0	0	0	0	0	0	0	0	0	0	0	0	0	0	0	0	0	0	0	0	0	0	0	0	0	0	0
0	0	0	0	0	0	0	0	0	0	0	0	0	0	0	0	0	0	0	0	0	64	64	65	71	55	52	59	55	55	55	59	62	74	74	66	58	64	75	64	49	52	61	57	39	57	78	77	66	58	68	55	55	50	66	7	0	3	78	78	78	78	50	79	59	58	56	64	64	50	68	56	70	60	64	61	64	66	66	58	54	0	0	0	0	0	0	0	0	0	0	0	0	0	0	0	0	0	0	0	0	0	0	0	0	0	0	0	0	0	0	0	0	0	0	0	0	0	0	0	0	0	0	0	0	0	0	0	0	0	0	0	0	0	0	0	0	0	0	0	0	0	0	0	0	0	0	0	0	0	0	0	0	0	0	0	0	0	0	0	0
0	0	0	0	0	0	0	0	0	0	0	0	0	0	0	0	0	0	0	0	0	64	64	65	71	52	52	59	55	55	55	59	62	74	74	66	58	64	75	61	46	52	61	57	39	57	78	77	66	58	65	55	55	50	66	4	3	0	78	78	78	78	50	79	59	55	56	64	64	47	68	56	70	60	64	61	61	66	66	58	54	0	0	0	0	0	0	0	0	0	0	0	0	0	0	0	0	0	0	0	0	0	0	0	0	0	0	0	0	0	0	0	0	0	0	0	0	0	0	0	0	0	0	0	0	0	0	0	0	0	0	0	0	0	0	0	0	0	0	0	0	0	0	0	0	0	0	0	0	0	0	0	0	0	0	0	0	0	0	0	0
0	0	0	0	0	0	0	0	0	0	0	0	0	0	0	0	0	0	0	0	0	69	69	73	76	74	69	66	71	71	61	62	66	28	30	71	63	62	42	67	69	62	77	66	75	67	59	63	73	61	63	75	74	73	77	74	78	78	0	3	3	6	72	68	74	79	66	73	77	75	74	67	71	64	65	73	70	64	66	68	74	0	0	0	0	0	0	0	0	0	0	0	0	0	0	0	0	0	0	0	0	0	0	0	0	0	0	0	0	0	0	0	0	0	0	0	0	0	0	0	0	0	0	0	0	0	0	0	0	0	0	0	0	0	0	0	0	0	0	0	0	0	0	0	0	0	0	0	0	0	0	0	0	0	0	0	0	0	0	0	0
0	0	0	0	0	0	0	0	0	0	0	0	0	0	0	0	0	0	0	0	0	69	69	73	76	74	69	67	72	72	61	63	67	29	31	72	63	63	42	67	69	62	77	66	75	67	62	63	73	61	66	75	74	73	77	74	78	78	3	0	6	3	72	71	74	79	67	73	77	75	74	68	71	64	65	73	70	65	66	68	74	0	0	0	0	0	0	0	0	0	0	0	0	0	0	0	0	0	0	0	0	0	0	0	0	0	0	0	0	0	0	0	0	0	0	0	0	0	0	0	0	0	0	0	0	0	0	0	0	0	0	0	0	0	0	0	0	0	0	0	0	0	0	0	0	0	0	0	0	0	0	0	0	0	0	0	0	0	0	0	0
0	0	0	0	0	0	0	0	0	0	0	0	0	0	0	0	0	0	0	0	0	69	69	73	76	74	69	66	71	71	61	62	66	28	30	71	63	62	41	67	69	62	77	66	75	67	59	63	73	61	63	75	74	73	77	74	78	78	3	6	0	3	72	67	74	79	66	73	77	75	74	67	71	64	65	73	70	64	66	68	74	0	0	0	0	0	0	0	0	0	0	0	0	0	0	0	0	0	0	0	0	0	0	0	0	0	0	0	0	0	0	0	0	0	0	0	0	0	0	0	0	0	0	0	0	0	0	0	0	0	0	0	0	0	0	0	0	0	0	0	0	0	0	0	0	0	0	0	0	0	0	0	0	0	0	0	0	0	0	0	0
0	0	0	0	0	0	0	0	0	0	0	0	0	0	0	0	0	0	0	0	0	69	69	73	76	74	69	67	72	72	61	63	67	29	31	72	63	63	41	67	69	62	77	66	75	67	62	63	73	61	66	75	74	73	77	74	78	78	6	3	3	0	72	70	74	79	67	73	77	75	74	68	71	64	65	73	70	65	66	68	74	0	0	0	0	0	0	0	0	0	0	0	0	0	0	0	0	0	0	0	0	0	0	0	0	0	0	0	0	0	0	0	0	0	0	0	0	0	0	0	0	0	0	0	0	0	0	0	0	0	0	0	0	0	0	0	0	0	0	0	0	0	0	0	0	0	0	0	0	0	0	0	0	0	0	0	0	0	0	0	0
0	0	0	0	0	0	0	0	0	0	0	0	0	0	0	0	0	0	0	0	0	70	70	68	68	66	67	66	67	67	63	56	57	73	73	71	46	74	76	72	61	62	60	56	54	48	64	60	58	58	71	54	51	51	59	50	50	50	72	72	72	72	0	73	69	60	53	56	58	64	72	70	71	70	73	72	71	65	70	65	71	0	0	0	0	0	0	0	0	0	0	0	0	0	0	0	0	0	0	0	0	0	0	0	0	0	0	0	0	0	0	0	0	0	0	0	0	0	0	0	0	0	0	0	0	0	0	0	0	0	0	0	0	0	0	0	0	0	0	0	0	0	0	0	0	0	0	0	0	0	0	0	0	0	0	0	0	0	0	0	0
0	0	0	0	0	0	0	0	0	0	0	0	0	0	0	0	0	0	0	0	0	76	76	73	75	68	75	62	69	69	56	64	55	71	71	64	68	65	72	64	71	74	64	58	78	69	33	38	68	60	71	72	71	72	58	75	79	79	68	71	67	70	73	0	65	64	66	65	69	74	75	78	68	75	75	80	76	73	80	66	66	0	0	0	0	0	0	0	0	0	0	0	0	0	0	0	0	0	0	0	0	0	0	0	0	0	0	0	0	0	0	0	0	0	0	0	0	0	0	0	0	0	0	0	0	0	0	0	0	0	0	0	0	0	0	0	0	0	0	0	0	0	0	0	0	0	0	0	0	0	0	0	0	0	0	0	0	0	0	0	0
0	0	0	0	0	0	0	0	0	0	0	0	0	0	0	0	0	0	0	0	0	63	63	63	55	64	72	68	64	68	63	66	68	74	74	54	65	61	81	52	55	71	65	60	60	61	64	64	62	64	68	70	69	65	63	58	59	59	74	74	74	74	69	65	0	61	70	67	71	60	73	59	69	60	60	65	65	72	63	58	50	0	0	0	0	0	0	0	0	0	0	0	0	0	0	0	0	0	0	0	0	0	0	0	0	0	0	0	0	0	0	0	0	0	0	0	0	0	0	0	0	0	0	0	0	0	0	0	0	0	0	0	0	0	0	0	0	0	0	0	0	0	0	0	0	0	0	0	0	0	0	0	0	0	0	0	0	0	0	0	0
0	0	0	0	0	0	0	0	0	0	0	0	0	0	0	0	0	0	0	0	0	62	63	63	67	60	64	55	54	51	57	52	54	76	76	58	54	64	79	60	59	68	42	65	57	56	68	67	61	49	69	57	56	61	59	55	58	55	79	79	79	79	60	64	61	0	54	67	71	64	71	70	70	68	71	71	66	67	74	69	68	0	0	0	0	0	0	0	0	0	0	0	0	0	0	0	0	0	0	0	0	0	0	0	0	0	0	0	0	0	0	0	0	0	0	0	0	0	0	0	0	0	0	0	0	0	0	0	0	0	0	0	0	0	0	0	0	0	0	0	0	0	0	0	0	0	0	0	0	0	0	0	0	0	0	0	0	0	0	0	0
0	0	0	0	0	0	0	0	0	0	0	0	0	0	0	0	0	0	0	0	0	61	61	65	70	63	57	47	46	46	48	30	26	64	64	58	55	53	71	68	53	53	54	51	50	62	65	65	64	39	61	61	60	64	63	56	56	56	66	67	66	67	53	66	70	54	0	54	58	60	66	61	63	61	64	69	68	55	68	66	66	0	0	0	0	0	0	0	0	0	0	0	0	0	0	0	0	0	0	0	0	0	0	0	0	0	0	0	0	0	0	0	0	0	0	0	0	0	0	0	0	0	0	0	0	0	0	0	0	0	0	0	0	0	0	0	0	0	0	0	0	0	0	0	0	0	0	0	0	0	0	0	0	0	0	0	0	0	0	0	0
0	0	0	0	0	0	0	0	0	0	0	0	0	0	0	0	0	0	0	0	0	73	73	73	74	57	59	66	67	67	58	45	44	77	75	75	41	62	74	69	63	54	65	44	60	66	67	68	66	56	74	64	63	58	63	64	64	64	73	73	73	73	56	65	67	67	54	0	4	71	79	78	74	70	70	75	75	73	78	74	72	0	0	0	0	0	0	0	0	0	0	0	0	0	0	0	0	0	0	0	0	0	0	0	0	0	0	0	0	0	0	0	0	0	0	0	0	0	0	0	0	0	0	0	0	0	0	0	0	0	0	0	0	0	0	0	0	0	0	0	0	0	0	0	0	0	0	0	0	0	0	0	0	0	0	0	0	0	0	0	0
0	0	0	0	0	0	0	0	0	0	0	0	0	0	0	0	0	0	0	0	0	72	72	73	74	61	59	67	68	68	62	49	48	81	79	75	45	61	73	69	67	54	67	48	60	70	71	72	70	60	74	65	65	59	67	64	64	64	77	77	77	77	58	69	71	71	58	4	0	67	79	78	73	70	70	75	75	73	78	74	72	0	0	0	0	0	0	0	0	0	0	0	0	0	0	0	0	0	0	0	0	0	0	0	0	0	0	0	0	0	0	0	0	0	0	0	0	0	0	0	0	0	0	0	0	0	0	0	0	0	0	0	0	0	0	0	0	0	0	0	0	0	0	0	0	0	0	0	0	0	0	0	0	0	0	0	0	0	0	0	0
0	0	0	0	0	0	0	0	0	0	0	0	0	0	0	0	0	0	0	0	0	65	65	62	56	54	58	60	60	60	56	55	61	72	72	68	55	61	75	54	34	54	58	61	56	62	79	77	68	57	67	65	65	64	58	47	50	47	75	75	75	75	64	74	60	64	60	71	67	0	63	63	70	64	71	68	71	68	70	61	62	0	0	0	0	0	0	0	0	0	0	0	0	0	0	0	0	0	0	0	0	0	0	0	0	0	0	0	0	0	0	0	0	0	0	0	0	0	0	0	0	0	0	0	0	0	0	0	0	0	0	0	0	0	0	0	0	0	0	0	0	0	0	0	0	0	0	0	0	0	0	0	0	0	0	0	0	0	0	0	0
0	0	0	0	0	0	0	0	0	0	0	0	0	0	0	0	0	0	0	0	0	69	69	65	75	76	60	68	62	66	65	70	70	64	64	60	60	63	60	66	65	64	67	72	79	65	77	72	67	68	42	70	70	71	73	64	68	68	74	74	74	74	72	75	73	71	66	79	79	63	0	49	29	51	50	47	50	42	53	71	67	0	0	0	0	0	0	0	0	0	0	0	0	0	0	0	0	0	0	0	0	0	0	0	0	0	0	0	0	0	0	0	0	0	0	0	0	0	0	0	0	0	0	0	0	0	0	0	0	0	0	0	0	0	0	0	0	0	0	0	0	0	0	0	0	0	0	0	0	0	0	0	0	0	0	0	0	0	0	0	0
0	0	0	0	0	0	0	0	0	0	0	0	0	0	0	0	0	0	0	0	0	65	65	67	74	70	69	59	63	63	62	63	62	61	61	50	61	48	64	66	64	62	66	70	63	68	77	76	63	62	40	73	73	77	66	52	56	56	67	68	67	68	70	78	59	70	61	78	78	63	49	0	38	12	19	20	27	29	31	52	48	0	0	0	0	0	0	0	0	0	0	0	0	0	0	0	0	0	0	0	0	0	0	0	0	0	0	0	0	0	0	0	0	0	0	0	0	0	0	0	0	0	0	0	0	0	0	0	0	0	0	0	0	0	0	0	0	0	0	0	0	0	0	0	0	0	0	0	0	0	0	0	0	0	0	0	0	0	0	0	0
0	0	0	0	0	0	0	0	0	0	0	0	0	0	0	0	0	0	0	0	0	67	67	70	79	80	73	62	69	69	58	64	64	66	66	60	67	62	53	71	71	66	73	66	78	73	74	69	69	66	36	75	75	75	74	66	70	70	71	71	71	71	71	68	69	70	63	74	73	70	29	38	0	35	34	35	34	36	46	67	67	0	0	0	0	0	0	0	0	0	0	0	0	0	0	0	0	0	0	0	0	0	0	0	0	0	0	0	0	0	0	0	0	0	0	0	0	0	0	0	0	0	0	0	0	0	0	0	0	0	0	0	0	0	0	0	0	0	0	0	0	0	0	0	0	0	0	0	0	0	0	0	0	0	0	0	0	0	0	0	0
0	0	0	0	0	0	0	0	0	0	0	0	0	0	0	0	0	0	0	0	0	65	65	67	74	71	70	67	71	67	58	63	62	65	65	54	59	53	61	68	64	63	63	66	64	68	74	73	70	57	37	76	76	76	70	56	60	60	64	64	64	64	70	75	60	68	61	70	70	64	51	12	35	0	7	16	23	25	35	56	52	0	0	0	0	0	0	0	0	0	0	0	0	0	0	0	0	0	0	0	0	0	0	0	0	0	0	0	0	0	0	0	0	0	0	0	0	0	0	0	0	0	0	0	0	0	0	0	0	0	0	0	0	0	0	0	0	0	0	0	0	0	0	0	0	0	0	0	0	0	0	0	0	0	0	0	0	0	0	0	0
0	0	0	0	0	0	0	0	0	0	0	0	0	0	0	0	0	0	0	0	0	65	65	67	74	72	74	70	74	70	61	66	65	68	68	54	62	53	64	68	71	67	66	66	64	69	74	70	63	60	30	72	72	72	74	60	64	64	65	65	65	65	73	75	60	71	64	70	70	71	50	19	34	7	0	23	16	24	32	60	56	0	0	0	0	0	0	0	0	0	0	0	0	0	0	0	0	0	0	0	0	0	0	0	0	0	0	0	0	0	0	0	0	0	0	0	0	0	0	0	0	0	0	0	0	0	0	0	0	0	0	0	0	0	0	0	0	0	0	0	0	0	0	0	0	0	0	0	0	0	0	0	0	0	0	0	0	0	0	0	0
0	0	0	0	0	0	0	0	0	0	0	0	0	0	0	0	0	0	0	0	0	70	70	72	79	75	70	72	71	71	67	71	71	70	70	54	67	64	66	72	68	67	71	72	72	71	79	78	74	67	45	78	78	78	74	57	61	61	73	73	73	73	72	80	65	71	69	75	75	68	47	20	35	16	23	0	27	41	35	58	54	0	0	0	0	0	0	0	0	0	0	0	0	0	0	0	0	0	0	0	0	0	0	0	0	0	0	0	0	0	0	0	0	0	0	0	0	0	0	0	0	0	0	0	0	0	0	0	0	0	0	0	0	0	0	0	0	0	0	0	0	0	0	0	0	0	0	0	0	0	0	0	0	0	0	0	0	0	0	0	0
0	0	0	0	0	0	0	0	0	0	0	0	0	0	0	0	0	0	0	0	0	70	70	72	79	72	74	75	74	74	66	70	70	73	73	58	66	61	65	68	71	71	70	68	72	68	75	71	63	66	30	70	70	70	74	57	64	61	70	70	70	70	71	76	65	66	68	75	75	71	50	27	34	23	16	27	0	36	36	62	58	0	0	0	0	0	0	0	0	0	0	0	0	0	0	0	0	0	0	0	0	0	0	0	0	0	0	0	0	0	0	0	0	0	0	0	0	0	0	0	0	0	0	0	0	0	0	0	0	0	0	0	0	0	0	0	0	0	0	0	0	0	0	0	0	0	0	0	0	0	0	0	0	0	0	0	0	0	0	0	0
0	0	0	0	0	0	0	0	0	0	0	0	0	0	0	0	0	0	0	0	0	66	66	65	73	75	71	59	63	59	57	55	54	61	61	50	58	52	61	69	68	63	65	62	66	68	68	67	64	54	28	64	64	71	73	62	66	66	64	65	64	65	65	73	72	67	55	73	73	68	42	29	36	25	24	41	36	0	44	64	66	0	0	0	0	0	0	0	0	0	0	0	0	0	0	0	0	0	0	0	0	0	0	0	0	0	0	0	0	0	0	0	0	0	0	0	0	0	0	0	0	0	0	0	0	0	0	0	0	0	0	0	0	0	0	0	0	0	0	0	0	0	0	0	0	0	0	0	0	0	0	0	0	0	0	0	0	0	0	0	0
0	0	0	0	0	0	0	0	0	0	0	0	0	0	0	0	0	0	0	0	0	61	61	62	69	75	71	67	66	70	66	70	70	65	65	46	64	57	65	67	64	62	69	69	71	67	75	71	64	67	40	67	67	75	75	62	66	66	66	66	66	66	70	80	63	74	68	78	78	70	53	31	46	35	32	35	36	44	0	55	53	0	0	0	0	0	0	0	0	0	0	0	0	0	0	0	0	0	0	0	0	0	0	0	0	0	0	0	0	0	0	0	0	0	0	0	0	0	0	0	0	0	0	0	0	0	0	0	0	0	0	0	0	0	0	0	0	0	0	0	0	0	0	0	0	0	0	0	0	0	0	0	0	0	0	0	0	0	0	0	0
0	0	0	0	0	0	0	0	0	0	0	0	0	0	0	0	0	0	0	0	0	64	64	64	66	63	65	67	63	63	66	70	63	70	70	56	65	58	66	68	64	67	74	64	64	57	62	67	68	60	58	61	61	63	64	54	58	58	68	68	68	68	65	66	58	69	66	74	74	61	71	52	67	56	60	58	62	64	55	0	15	0	0	0	0	0	0	0	0	0	0	0	0	0	0	0	0	0	0	0	0	0	0	0	0	0	0	0	0	0	0	0	0	0	0	0	0	0	0	0	0	0	0	0	0	0	0	0	0	0	0	0	0	0	0	0	0	0	0	0	0	0	0	0	0	0	0	0	0	0	0	0	0	0	0	0	0	0	0	0	0
0	0	0	0	0	0	0	0	0	0	0	0	0	0	0	0	0	0	0	0	0	61	61	62	64	57	65	68	62	66	67	70	63	74	72	53	67	60	68	67	60	67	74	64	60	62	68	73	69	59	58	63	63	63	64	50	54	54	74	74	74	74	71	66	50	68	66	72	72	62	67	48	67	52	56	54	58	66	53	15	0	0	0	0	0	0	0	0	0	0	0	0	0	0	0	0	0	0	0	0	0	0	0	0	0	0	0	0	0	0	0	0	0	0	0	0	0	0	0	0	0	0	0	0	0	0	0	0	0	0	0	0	0	0	0	0	0	0	0	0	0	0	0	0	0	0	0	0	0	0	0	0	0	0	0	0	0	0	0	0	0
0	0	0	0	0	0	0	0	0	0	0	0	0	0	0	0	0	0	0	0	0	0	0	0	0	0	0	0	0	0	0	0	0	0	0	0	0	0	0	0	0	0	0	0	0	0	0	0	0	0	0	0	0	0	0	0	0	0	0	0	0	0	0	0	0	0	0	0	0	0	0	0	0	0	0	0	0	0	0	0	0	0	57	59	61	61	59	60	53	48	48	42	43	47	52	54	38	38	55	55	54	59	58	57	44	65	65	57	51	47	52	53	52	56	59	61	61	55	56	54	34	32	40	41	58	58	43	33	39	46	55	55	52	52	49	47	47	49	47	50	56	60	56	60	61	59	61	61	47	56	56	50	53	42	45	45	46	51	51	51	52
0	0	0	0	0	0	0	0	0	0	0	0	0	0	0	0	0	0	0	0	0	0	0	0	0	0	0	0	0	0	0	0	0	0	0	0	0	0	0	0	0	0	0	0	0	0	0	0	0	0	0	0	0	0	0	0	0	0	0	0	0	0	0	0	0	0	0	0	0	0	0	0	0	0	0	0	0	0	0	0	0	57	0	4	37	19	56	56	50	54	54	51	55	55	54	54	40	40	59	59	56	58	39	37	48	65	65	62	53	57	56	56	56	43	35	47	47	45	38	61	56	56	53	53	56	52	54	49	49	55	57	57	48	47	56	51	51	51	51	55	41	45	37	32	28	32	36	32	48	55	55	56	56	59	59	59	59	56	56	56	55
0	0	0	0	0	0	0	0	0	0	0	0	0	0	0	0	0	0	0	0	0	0	0	0	0	0	0	0	0	0	0	0	0	0	0	0	0	0	0	0	0	0	0	0	0	0	0	0	0	0	0	0	0	0	0	0	0	0	0	0	0	0	0	0	0	0	0	0	0	0	0	0	0	0	0	0	0	0	0	0	0	59	4	0	37	20	56	56	52	54	54	51	55	55	54	54	40	40	58	58	55	57	38	36	50	66	66	64	55	59	60	60	60	44	34	47	47	47	39	63	58	58	55	55	56	52	55	51	51	55	57	57	50	49	58	53	53	53	53	57	41	45	37	32	28	32	36	32	48	55	55	56	56	59	59	59	59	56	56	56	57
0	0	0	0	0	0	0	0	0	0	0	0	0	0	0	0	0	0	0	0	0	0	0	0	0	0	0	0	0	0	0	0	0	0	0	0	0	0	0	0	0	0	0	0	0	0	0	0	0	0	0	0	0	0	0	0	0	0	0	0	0	0	0	0	0	0	0	0	0	0	0	0	0	0	0	0	0	0	0	0	0	61	37	37	0	34	51	51	52	56	50	59	56	59	59	59	50	50	48	52	51	45	45	45	45	65	66	61	38	45	49	49	49	56	44	53	53	41	47	63	55	54	55	55	62	62	56	55	54	59	52	52	56	53	61	57	57	57	56	56	49	41	43	30	29	28	30	26	50	58	58	58	54	59	54	55	59	55	55	55	61
0	0	0	0	0	0	0	0	0	0	0	0	0	0	0	0	0	0	0	0	0	0	0	0	0	0	0	0	0	0	0	0	0	0	0	0	0	0	0	0	0	0	0	0	0	0	0	0	0	0	0	0	0	0	0	0	0	0	0	0	0	0	0	0	0	0	0	0	0	0	0	0	0	0	0	0	0	0	0	0	0	61	19	20	34	0	52	52	51	60	57	60	56	60	56	59	48	48	55	59	57	53	36	34	46	61	61	65	46	53	51	52	52	40	34	47	47	41	35	66	59	59	59	59	59	55	51	58	58	53	60	60	53	52	57	51	51	53	53	57	50	37	45	28	28	32	36	32	51	55	55	55	55	59	58	58	59	56	56	56	57
0	0	0	0	0	0	0	0	0	0	0	0	0	0	0	0	0	0	0	0	0	0	0	0	0	0	0	0	0	0	0	0	0	0	0	0	0	0	0	0	0	0	0	0	0	0	0	0	0	0	0	0	0	0	0	0	0	0	0	0	0	0	0	0	0	0	0	0	0	0	0	0	0	0	0	0	0	0	0	0	0	59	56	56	51	52	0	11	18	46	40	46	47	45	49	36	52	55	33	33	34	39	51	55	43	66	66	62	41	42	35	34	34	52	51	56	60	53	51	64	46	44	51	47	67	67	48	52	49	43	42	42	41	40	53	45	49	39	45	46	49	47	56	53	53	54	52	53	38	36	40	39	40	37	34	38	32	34	34	38	50
0	0	0	0	0	0	0	0	0	0	0	0	0	0	0	0	0	0	0	0	0	0	0	0	0	0	0	0	0	0	0	0	0	0	0	0	0	0	0	0	0	0	0	0	0	0	0	0	0	0	0	0	0	0	0	0	0	0	0	0	0	0	0	0	0	0	0	0	0	0	0	0	0	0	0	0	0	0	0	0	0	60	56	56	51	52	11	0	19	46	43	39	40	43	52	44	56	53	35	35	37	44	52	56	36	67	68	63	42	43	36	35	35	55	52	52	56	50	54	63	44	42	49	45	67	67	52	53	53	47	43	43	45	44	57	48	52	45	48	48	48	47	52	49	49	55	48	49	39	36	40	35	41	42	39	43	34	36	36	40	47
0	0	0	0	0	0	0	0	0	0	0	0	0	0	0	0	0	0	0	0	0	0	0	0	0	0	0	0	0	0	0	0	0	0	0	0	0	0	0	0	0	0	0	0	0	0	0	0	0	0	0	0	0	0	0	0	0	0	0	0	0	0	0	0	0	0	0	0	0	0	0	0	0	0	0	0	0	0	0	0	0	53	50	52	52	51	18	19	0	44	44	40	44	41	51	40	48	45	38	38	41	45	53	55	40	63	63	64	38	41	37	36	36	53	50	55	59	50	54	56	38	38	39	35	67	67	47	43	40	42	38	38	32	31	48	42	46	35	42	41	44	47	52	56	52	56	52	56	31	39	43	38	42	39	40	40	33	31	31	35	42
0	0	0	0	0	0	0	0	0	0	0	0	0	0	0	0	0	0	0	0	0	0	0	0	0	0	0	0	0	0	0	0	0	0	0	0	0	0	0	0	0	0	0	0	0	0	0	0	0	0	0	0	0	0	0	0	0	0	0	0	0	0	0	0	0	0	0	0	0	0	0	0	0	0	0	0	0	0	0	0	0	48	54	54	56	60	46	46	44	0	25	30	33	38	55	41	40	39	45	45	40	49	59	59	37	70	70	60	46	44	45	45	44	54	55	56	56	56	57	53	38	40	39	40	63	63	40	40	40	37	47	47	45	45	61	49	53	48	49	49	51	60	54	58	54	54	58	56	38	43	43	38	38	38	42	42	37	35	39	39	52
0	0	0	0	0	0	0	0	0	0	0	0	0	0	0	0	0	0	0	0	0	0	0	0	0	0	0	0	0	0	0	0	0	0	0	0	0	0	0	0	0	0	0	0	0	0	0	0	0	0	0	0	0	0	0	0	0	0	0	0	0	0	0	0	0	0	0	0	0	0	0	0	0	0	0	0	0	0	0	0	0	48	54	54	50	57	40	43	44	25	0	34	34	33	55	39	40	39	38	41	32	45	57	58	32	71	71	59	44	38	38	39	38	54	54	59	59	51	59	58	40	38	39	40	64	64	42	40	40	44	51	51	49	49	61	53	57	52	53	53	51	57	54	53	49	52	55	51	37	39	43	37	40	37	41	41	35	33	37	33	56
0	0	0	0	0	0	0	0	0	0	0	0	0	0	0	0	0	0	0	0	0	0	0	0	0	0	0	0	0	0	0	0	0	0	0	0	0	0	0	0	0	0	0	0	0	0	0	0	0	0	0	0	0	0	0	0	0	0	0	0	0	0	0	0	0	0	0	0	0	0	0	0	0	0	0	0	0	0	0	0	0	42	51	51	59	60	46	39	40	30	34	0	7	29	52	42	36	33	43	43	39	51	58	57	35	64	65	53	47	43	43	43	42	53	55	58	58	56	58	46	37	37	33	34	60	60	38	31	34	39	38	38	44	44	60	45	49	47	45	44	47	60	47	60	56	56	56	56	39	39	39	39	41	32	39	39	32	32	36	36	45
0	0	0	0	0	0	0	0	0	0	0	0	0	0	0	0	0	0	0	0	0	0	0	0	0	0	0	0	0	0	0	0	0	0	0	0	0	0	0	0	0	0	0	0	0	0	0	0	0	0	0	0	0	0	0	0	0	0	0	0	0	0	0	0	0	0	0	0	0	0	0	0	0	0	0	0	0	0	0	0	0	43	55	55	56	56	47	40	44	33	34	7	0	33	50	40	39	36	40	44	36	50	56	55	31	65	66	54	44	40	40	40	39	50	52	59	59	50	57	46	35	35	37	38	61	61	39	35	38	43	43	43	48	48	61	49	53	45	49	48	54	54	51	54	55	50	52	52	43	40	40	40	42	36	40	40	36	35	39	39	49
0	0	0	0	0	0	0	0	0	0	0	0	0	0	0	0	0	0	0	0	0	0	0	0	0	0	0	0	0	0	0	0	0	0	0	0	0	0	0	0	0	0	0	0	0	0	0	0	0	0	0	0	0	0	0	0	0	0	0	0	0	0	0	0	0	0	0	0	0	0	0	0	0	0	0	0	0	0	0	0	0	47	55	55	59	60	45	43	41	38	33	29	33	0	49	46	40	37	45	45	41	50	54	55	43	60	60	59	49	45	43	43	43	54	53	54	58	52	57	59	30	30	27	27	64	64	40	36	38	50	47	47	45	45	57	50	54	48	50	52	51	58	53	58	54	53	57	57	40	48	48	43	38	38	39	39	34	38	34	38	52
0	0	0	0	0	0	0	0	0	0	0	0	0	0	0	0	0	0	0	0	0	0	0	0	0	0	0	0	0	0	0	0	0	0	0	0	0	0	0	0	0	0	0	0	0	0	0	0	0	0	0	0	0	0	0	0	0	0	0	0	0	0	0	0	0	0	0	0	0	0	0	0	0	0	0	0	0	0	0	0	0	52	54	54	59	56	49	52	51	55	55	52	50	49	0	47	45	47	54	54	54	56	56	54	51	60	60	63	54	50	54	54	54	50	48	55	59	57	52	64	41	45	48	48	63	63	55	43	49	39	44	40	36	35	41	33	33	29	33	41	56	56	54	57	58	57	59	59	51	56	54	56	52	50	47	47	50	50	50	50	42
0	0	0	0	0	0	0	0	0	0	0	0	0	0	0	0	0	0	0	0	0	0	0	0	0	0	0	0	0	0	0	0	0	0	0	0	0	0	0	0	0	0	0	0	0	0	0	0	0	0	0	0	0	0	0	0	0	0	0	0	0	0	0	0	0	0	0	0	0	0	0	0	0	0	0	0	0	0	0	0	0	54	54	54	59	59	36	44	40	41	39	42	40	46	47	0	51	51	46	46	37	46	55	55	47	67	67	64	50	51	48	47	47	52	49	60	60	57	54	56	46	48	49	49	60	61	48	47	43	41	42	42	41	41	54	45	49	39	45	46	54	50	59	53	54	52	60	55	40	31	35	43	47	36	41	41	36	37	40	41	49
0	0	0	0	0	0	0	0	0	0	0	0	0	0	0	0	0	0	0	0	0	0	0	0	0	0	0	0	0	0	0	0	0	0	0	0	0	0	0	0	0	0	0	0	0	0	0	0	0	0	0	0	0	0	0	0	0	0	0	0	0	0	0	0	0	0	0	0	0	0	0	0	0	0	0	0	0	0	0	0	0	38	40	40	50	48	52	56	48	40	40	36	39	40	45	51	0	3	49	49	46	53	50	48	37	68	68	55	48	44	50	51	50	51	48	53	53	51	49	52	38	38	35	36	64	64	40	29	32	47	52	52	45	45	53	44	44	46	44	52	45	53	46	50	46	46	46	46	41	53	53	49	52	48	47	47	47	39	43	39	53
0	0	0	0	0	0	0	0	0	0	0	0	0	0	0	0	0	0	0	0	0	0	0	0	0	0	0	0	0	0	0	0	0	0	0	0	0	0	0	0	0	0	0	0	0	0	0	0	0	0	0	0	0	0	0	0	0	0	0	0	0	0	0	0	0	0	0	0	0	0	0	0	0	0	0	0	0	0	0	0	0	38	40	40	50	48	55	53	45	39	39	33	36	37	47	51	3	0	46	46	46	53	50	48	34	70	70	57	45	41	47	48	47	54	48	53	53	48	52	52	35	35	32	33	64	64	40	29	32	46	49	49	45	45	53	46	46	48	46	54	44	53	46	50	46	46	46	46	41	53	53	49	51	48	47	47	44	36	40	36	50
0	0	0	0	0	0	0	0	0	0	0	0	0	0	0	0	0	0	0	0	0	0	0	0	0	0	0	0	0	0	0	0	0	0	0	0	0	0	0	0	0	0	0	0	0	0	0	0	0	0	0	0	0	0	0	0	0	0	0	0	0	0	0	0	0	0	0	0	0	0	0	0	0	0	0	0	0	0	0	0	0	55	59	58	48	55	33	35	38	45	38	43	40	45	54	46	49	46	0	4	35	27	52	56	41	70	70	66	23	17	19	24	23	50	50	59	59	48	58	66	46	44	46	47	67	67	43	46	43	40	40	40	40	40	49	44	48	41	43	44	50	48	59	53	52	55	52	53	41	42	42	43	45	44	47	48	36	39	39	39	48
0	0	0	0	0	0	0	0	0	0	0	0	0	0	0	0	0	0	0	0	0	0	0	0	0	0	0	0	0	0	0	0	0	0	0	0	0	0	0	0	0	0	0	0	0	0	0	0	0	0	0	0	0	0	0	0	0	0	0	0	0	0	0	0	0	0	0	0	0	0	0	0	0	0	0	0	0	0	0	0	0	55	59	58	52	59	33	35	38	45	41	43	44	45	54	46	49	46	4	0	38	29	52	56	45	70	70	66	27	21	22	27	26	50	50	59	59	52	58	66	46	44	46	47	67	67	43	46	43	40	40	40	40	40	49	44	48	41	43	44	50	52	59	57	56	59	56	57	41	42	42	43	45	44	47	48	36	39	39	39	48
0	0	0	0	0	0	0	0	0	0	0	0	0	0	0	0	0	0	0	0	0	0	0	0	0	0	0	0	0	0	0	0	0	0	0	0	0	0	0	0	0	0	0	0	0	0	0	0	0	0	0	0	0	0	0	0	0	0	0	0	0	0	0	0	0	0	0	0	0	0	0	0	0	0	0	0	0	0	0	0	0	54	56	55	51	57	34	37	41	40	32	39	36	41	54	37	46	46	35	38	0	38	48	52	32	67	67	57	40	38	35	34	34	56	52	55	55	53	59	52	45	43	47	47	64	64	36	40	42	45	46	46	43	46	55	44	48	43	44	45	54	54	56	53	53	51	53	49	37	38	42	35	42	32	37	36	32	37	37	41	51
0	0	0	0	0	0	0	0	0	0	0	0	0	0	0	0	0	0	0	0	0	0	0	0	0	0	0	0	0	0	0	0	0	0	0	0	0	0	0	0	0	0	0	0	0	0	0	0	0	0	0	0	0	0	0	0	0	0	0	0	0	0	0	0	0	0	0	0	0	0	0	0	0	0	0	0	0	0	0	0	0	59	58	57	45	53	39	44	45	49	45	51	50	50	56	46	53	53	27	29	38	0	47	51	50	70	70	63	36	29	28	32	32	50	50	60	60	53	53	62	48	46	49	49	60	60	46	50	47	52	46	46	49	49	58	54	58	51	53	54	54	49	59	54	53	56	58	54	48	50	46	46	45	47	50	51	43	43	43	43	58
0	0	0	0	0	0	0	0	0	0	0	0	0	0	0	0	0	0	0	0	0	0	0	0	0	0	0	0	0	0	0	0	0	0	0	0	0	0	0	0	0	0	0	0	0	0	0	0	0	0	0	0	0	0	0	0	0	0	0	0	0	0	0	0	0	0	0	0	0	0	0	0	0	0	0	0	0	0	0	0	0	58	39	38	45	36	51	52	53	59	57	58	56	54	56	55	50	50	52	52	48	47	0	4	55	68	68	68	48	55	52	52	52	41	36	46	42	37	31	67	48	48	47	47	63	59	54	51	49	59	59	59	53	56	58	53	53	50	53	53	44	37	47	44	45	44	46	46	49	51	50	51	49	58	58	58	54	51	51	51	61
0	0	0	0	0	0	0	0	0	0	0	0	0	0	0	0	0	0	0	0	0	0	0	0	0	0	0	0	0	0	0	0	0	0	0	0	0	0	0	0	0	0	0	0	0	0	0	0	0	0	0	0	0	0	0	0	0	0	0	0	0	0	0	0	0	0	0	0	0	0	0	0	0	0	0	0	0	0	0	0	0	57	37	36	45	34	55	56	55	59	58	57	55	55	54	55	48	48	56	56	52	51	4	0	53	67	67	67	52	59	56	56	56	41	34	46	42	37	29	66	47	47	47	47	63	59	54	50	49	59	59	59	51	54	56	51	51	48	51	53	44	37	46	44	45	44	46	46	53	55	54	55	53	57	57	57	58	55	55	55	59
0	0	0	0	0	0	0	0	0	0	0	0	0	0	0	0	0	0	0	0	0	0	0	0	0	0	0	0	0	0	0	0	0	0	0	0	0	0	0	0	0	0	0	0	0	0	0	0	0	0	0	0	0	0	0	0	0	0	0	0	0	0	0	0	0	0	0	0	0	0	0	0	0	0	0	0	0	0	0	0	0	44	48	50	45	46	43	36	40	37	32	35	31	43	51	47	37	34	41	45	32	50	55	53	0	69	70	58	37	32	39	39	38	54	55	53	53	35	52	53	37	36	39	40	64	64	45	43	43	45	49	49	44	41	52	44	44	44	44	48	54	48	58	47	47	48	50	46	40	40	44	38	43	37	37	36	33	36	36	40	40
0	0	0	0	0	0	0	0	0	0	0	0	0	0	0	0	0	0	0	0	0	0	0	0	0	0	0	0	0	0	0	0	0	0	0	0	0	0	0	0	0	0	0	0	0	0	0	0	0	0	0	0	0	0	0	0	0	0	0	0	0	0	0	0	0	0	0	0	0	0	0	0	0	0	0	0	0	0	0	0	0	65	65	66	65	61	66	67	63	70	71	64	65	60	60	67	68	70	70	70	67	70	68	67	69	0	4	18	68	69	67	66	66	61	67	59	63	67	62	39	63	63	70	70	68	68	61	65	68	66	70	70	67	67	67	66	66	63	62	61	66	68	58	65	65	65	66	65	64	61	61	61	62	64	61	61	69	71	67	71	70
0	0	0	0	0	0	0	0	0	0	0	0	0	0	0	0	0	0	0	0	0	0	0	0	0	0	0	0	0	0	0	0	0	0	0	0	0	0	0	0	0	0	0	0	0	0	0	0	0	0	0	0	0	0	0	0	0	0	0	0	0	0	0	0	0	0	0	0	0	0	0	0	0	0	0	0	0	0	0	0	0	65	65	66	66	61	66	68	63	70	71	65	66	60	60	67	68	70	70	70	67	70	68	67	70	4	0	22	68	69	67	66	66	61	67	60	64	67	62	43	63	63	70	70	68	68	61	65	68	66	70	70	67	67	67	66	66	63	62	61	66	68	59	66	66	66	67	66	64	62	62	62	62	64	61	61	69	71	67	71	70
0	0	0	0	0	0	0	0	0	0	0	0	0	0	0	0	0	0	0	0	0	0	0	0	0	0	0	0	0	0	0	0	0	0	0	0	0	0	0	0	0	0	0	0	0	0	0	0	0	0	0	0	0	0	0	0	0	0	0	0	0	0	0	0	0	0	0	0	0	0	0	0	0	0	0	0	0	0	0	0	0	57	62	64	61	65	62	63	64	60	59	53	54	59	63	64	55	57	66	66	57	63	68	67	58	18	22	0	65	59	58	57	57	65	68	61	65	60	64	29	54	52	62	62	64	64	60	55	58	69	69	69	64	64	64	63	63	60	59	58	63	68	59	64	64	62	63	60	69	66	66	62	59	62	59	59	66	63	67	63	67
0	0	0	0	0	0	0	0	0	0	0	0	0	0	0	0	0	0	0	0	0	0	0	0	0	0	0	0	0	0	0	0	0	0	0	0	0	0	0	0	0	0	0	0	0	0	0	0	0	0	0	0	0	0	0	0	0	0	0	0	0	0	0	0	0	0	0	0	0	0	0	0	0	0	0	0	0	0	0	0	0	51	53	55	38	46	41	42	38	46	44	47	44	49	54	50	48	45	23	27	40	36	48	52	37	68	68	65	0	17	24	29	28	53	58	54	54	45	52	62	43	45	46	47	66	66	43	46	43	44	44	44	40	43	45	44	44	41	43	44	54	47	58	50	49	48	56	50	39	46	46	46	48	47	45	46	39	35	35	35	52
0	0	0	0	0	0	0	0	0	0	0	0	0	0	0	0	0	0	0	0	0	0	0	0	0	0	0	0	0	0	0	0	0	0	0	0	0	0	0	0	0	0	0	0	0	0	0	0	0	0	0	0	0	0	0	0	0	0	0	0	0	0	0	0	0	0	0	0	0	0	0	0	0	0	0	0	0	0	0	0	0	47	57	59	45	53	42	43	41	44	38	43	40	45	50	51	44	41	17	21	38	29	55	59	32	69	69	59	17	0	17	22	21	53	59	59	59	43	56	57	41	39	42	43	59	59	41	42	39	44	44	44	44	44	49	48	48	45	47	48	54	51	55	52	51	54	56	52	42	47	47	41	43	42	41	42	34	34	34	34	52
0	0	0	0	0	0	0	0	0	0	0	0	0	0	0	0	0	0	0	0	0	0	0	0	0	0	0	0	0	0	0	0	0	0	0	0	0	0	0	0	0	0	0	0	0	0	0	0	0	0	0	0	0	0	0	0	0	0	0	0	0	0	0	0	0	0	0	0	0	0	0	0	0	0	0	0	0	0	0	0	0	52	56	60	49	51	35	36	37	45	38	43	40	43	54	48	50	47	19	22	35	28	52	56	39	67	67	58	24	17	0	8	4	46	54	56	56	46	53	58	37	35	38	42	62	62	41	44	41	43	43	43	43	43	51	46	50	43	42	43	55	49	60	54	54	56	57	54	45	43	43	38	43	42	46	46	34	35	35	35	50
0	0	0	0	0	0	0	0	0	0	0	0	0	0	0	0	0	0	0	0	0	0	0	0	0	0	0	0	0	0	0	0	0	0	0	0	0	0	0	0	0	0	0	0	0	0	0	0	0	0	0	0	0	0	0	0	0	0	0	0	0	0	0	0	0	0	0	0	0	0	0	0	0	0	0	0	0	0	0	0	0	53	56	60	49	52	34	35	36	45	39	43	40	43	54	47	51	48	24	27	34	32	52	56	39	66	66	57	29	22	8	0	4	54	54	60	60	46	53	57	41	39	42	42	62	62	42	45	42	43	42	42	42	42	51	45	49	42	41	42	55	49	60	54	54	56	57	54	45	43	43	38	43	42	46	46	34	35	35	36	49
0	0	0	0	0	0	0	0	0	0	0	0	0	0	0	0	0	0	0	0	0	0	0	0	0	0	0	0	0	0	0	0	0	0	0	0	0	0	0	0	0	0	0	0	0	0	0	0	0	0	0	0	0	0	0	0	0	0	0	0	0	0	0	0	0	0	0	0	0	0	0	0	0	0	0	0	0	0	0	0	0	52	56	60	49	52	34	35	36	44	38	42	39	43	54	47	50	47	23	26	34	32	52	56	38	66	66	57	28	21	4	4	0	50	54	56	56	46	53	57	37	35	38	42	62	62	41	44	41	42	42	42	42	42	51	45	49	42	41	42	55	49	60	54	54	56	57	54	44	42	42	37	42	41	45	45	33	34	34	35	49
0	0	0	0	0	0	0	0	0	0	0	0	0	0	0	0	0	0	0	0	0	0	0	0	0	0	0	0	0	0	0	0	0	0	0	0	0	0	0	0	0	0	0	0	0	0	0	0	0	0	0	0	0	0	0	0	0	0	0	0	0	0	0	0	0	0	0	0	0	0	0	0	0	0	0	0	0	0	0	0	0	56	43	44	56	40	52	55	53	54	54	53	50	54	50	52	51	54	50	50	56	50	41	41	54	61	61	65	53	53	46	54	50	0	39	52	52	46	34	66	45	41	48	52	63	59	51	53	53	48	55	55	49	49	58	48	52	44	48	51	53	53	55	54	55	54	56	56	54	55	53	55	50	55	59	59	54	53	53	53	53
0	0	0	0	0	0	0	0	0	0	0	0	0	0	0	0	0	0	0	0	0	0	0	0	0	0	0	0	0	0	0	0	0	0	0	0	0	0	0	0	0	0	0	0	0	0	0	0	0	0	0	0	0	0	0	0	0	0	0	0	0	0	0	0	0	0	0	0	0	0	0	0	0	0	0	0	0	0	0	0	0	59	35	34	44	34	51	52	50	55	54	55	52	53	48	49	48	48	50	50	52	50	36	34	55	67	67	68	58	59	54	54	54	39	0	44	44	45	36	66	46	50	49	49	59	59	51	48	48	53	56	56	51	50	60	52	56	48	52	56	48	38	44	38	39	42	41	44	49	50	50	51	52	56	60	60	56	55	55	55	52
0	0	0	0	0	0	0	0	0	0	0	0	0	0	0	0	0	0	0	0	0	0	0	0	0	0	0	0	0	0	0	0	0	0	0	0	0	0	0	0	0	0	0	0	0	0	0	0	0	0	0	0	0	0	0	0	0	0	0	0	0	0	0	0	0	0	0	0	0	0	0	0	0	0	0	0	0	0	0	0	0	61	47	47	53	47	56	52	55	56	59	58	59	54	55	60	53	53	59	59	55	60	46	46	53	59	60	61	54	59	56	60	56	52	44	0	4	47	51	63	50	50	54	58	60	60	55	57	57	57	59	59	52	55	56	55	55	52	55	55	42	38	47	35	35	47	43	43	53	54	54	46	47	54	54	50	54	59	59	59	62
0	0	0	0	0	0	0	0	0	0	0	0	0	0	0	0	0	0	0	0	0	0	0	0	0	0	0	0	0	0	0	0	0	0	0	0	0	0	0	0	0	0	0	0	0	0	0	0	0	0	0	0	0	0	0	0	0	0	0	0	0	0	0	0	0	0	0	0	0	0	0	0	0	0	0	0	0	0	0	0	0	61	47	47	53	47	60	56	59	56	59	58	59	58	59	60	53	53	59	59	55	60	42	42	53	63	64	65	54	59	56	60	56	52	44	4	0	47	51	63	54	54	50	54	60	60	51	53	53	57	59	59	56	59	60	55	55	56	55	55	42	38	43	35	35	47	43	43	49	50	50	42	51	54	58	54	54	59	59	59	62
0	0	0	0	0	0	0	0	0	0	0	0	0	0	0	0	0	0	0	0	0	0	0	0	0	0	0	0	0	0	0	0	0	0	0	0	0	0	0	0	0	0	0	0	0	0	0	0	0	0	0	0	0	0	0	0	0	0	0	0	0	0	0	0	0	0	0	0	0	0	0	0	0	0	0	0	0	0	0	0	0	55	45	47	41	41	53	50	50	56	51	56	50	52	57	57	51	48	48	52	53	53	37	37	35	67	67	60	45	43	46	46	46	46	45	47	47	0	34	63	40	39	43	43	57	57	54	53	53	59	56	56	55	52	59	54	54	53	55	55	39	29	51	35	39	37	43	39	54	60	59	56	49	56	55	55	52	55	55	55	55
0	0	0	0	0	0	0	0	0	0	0	0	0	0	0	0	0	0	0	0	0	0	0	0	0	0	0	0	0	0	0	0	0	0	0	0	0	0	0	0	0	0	0	0	0	0	0	0	0	0	0	0	0	0	0	0	0	0	0	0	0	0	0	0	0	0	0	0	0	0	0	0	0	0	0	0	0	0	0	0	0	56	38	39	47	35	51	54	54	57	59	58	57	57	52	54	49	52	58	58	59	53	31	29	52	62	62	64	52	56	53	53	53	34	36	51	51	34	0	66	48	47	52	52	58	58	50	57	57	52	58	58	55	55	59	51	49	51	52	56	46	37	50	42	46	41	47	46	59	60	59	59	53	58	59	59	57	53	53	55	57
0	0	0	0	0	0	0	0	0	0	0	0	0	0	0	0	0	0	0	0	0	0	0	0	0	0	0	0	0	0	0	0	0	0	0	0	0	0	0	0	0	0	0	0	0	0	0	0	0	0	0	0	0	0	0	0	0	0	0	0	0	0	0	0	0	0	0	0	0	0	0	0	0	0	0	0	0	0	0	0	0	54	61	63	63	66	64	63	56	53	58	46	46	59	64	56	52	52	66	66	52	62	67	66	53	39	43	29	62	57	58	57	57	66	66	63	63	63	66	0	55	55	58	58	67	67	57	51	54	62	62	62	59	59	63	58	56	58	54	53	63	67	57	66	66	62	62	62	57	54	54	50	58	55	55	55	59	53	57	59	60
0	0	0	0	0	0	0	0	0	0	0	0	0	0	0	0	0	0	0	0	0	0	0	0	0	0	0	0	0	0	0	0	0	0	0	0	0	0	0	0	0	0	0	0	0	0	0	0	0	0	0	0	0	0	0	0	0	0	0	0	0	0	0	0	0	0	0	0	0	0	0	0	0	0	0	0	0	0	0	0	0	34	56	58	55	59	46	44	38	38	40	37	35	30	41	46	38	35	46	46	45	48	48	47	37	63	63	54	43	41	37	41	37	45	46	50	54	40	48	55	0	6	14	18	64	64	37	25	31	48	46	46	42	41	51	43	47	39	43	46	49	50	52	54	55	51	57	55	43	52	51	46	42	40	41	41	40	46	46	46	43
0	0	0	0	0	0	0	0	0	0	0	0	0	0	0	0	0	0	0	0	0	0	0	0	0	0	0	0	0	0	0	0	0	0	0	0	0	0	0	0	0	0	0	0	0	0	0	0	0	0	0	0	0	0	0	0	0	0	0	0	0	0	0	0	0	0	0	0	0	0	0	0	0	0	0	0	0	0	0	0	0	32	56	58	54	59	44	42	38	40	38	37	35	30	45	48	38	35	44	44	43	46	48	47	36	63	63	52	45	39	35	39	35	41	50	50	54	39	47	55	6	0	18	22	63	63	39	29	35	46	46	46	42	42	51	43	47	39	43	46	48	51	52	52	53	53	57	53	43	52	51	46	42	40	41	41	40	46	46	46	47
0	0	0	0	0	0	0	0	0	0	0	0	0	0	0	0	0	0	0	0	0	0	0	0	0	0	0	0	0	0	0	0	0	0	0	0	0	0	0	0	0	0	0	0	0	0	0	0	0	0	0	0	0	0	0	0	0	0	0	0	0	0	0	0	0	0	0	0	0	0	0	0	0	0	0	0	0	0	0	0	0	40	53	55	55	59	51	49	39	39	39	33	37	27	48	49	35	32	46	46	47	49	47	47	39	70	70	62	46	42	38	42	38	48	49	54	50	43	52	58	14	18	0	4	64	64	34	21	21	48	44	44	43	42	55	43	47	46	43	47	45	52	48	58	54	57	56	57	36	48	47	42	46	43	48	48	40	43	43	43	43
0	0	0	0	0	0	0	0	0	0	0	0	0	0	0	0	0	0	0	0	0	0	0	0	0	0	0	0	0	0	0	0	0	0	0	0	0	0	0	0	0	0	0	0	0	0	0	0	0	0	0	0	0	0	0	0	0	0	0	0	0	0	0	0	0	0	0	0	0	0	0	0	0	0	0	0	0	0	0	0	0	41	53	55	55	59	47	45	35	40	40	34	38	27	48	49	36	33	47	47	47	49	47	47	40	70	70	62	47	43	42	42	42	52	49	58	54	43	52	58	18	22	4	0	64	64	35	22	22	49	44	44	43	42	55	43	47	46	43	47	45	52	48	58	54	57	56	57	37	49	48	43	47	44	49	49	41	44	44	44	42
0	0	0	0	0	0	0	0	0	0	0	0	0	0	0	0	0	0	0	0	0	0	0	0	0	0	0	0	0	0	0	0	0	0	0	0	0	0	0	0	0	0	0	0	0	0	0	0	0	0	0	0	0	0	0	0	0	0	0	0	0	0	0	0	0	0	0	0	0	0	0	0	0	0	0	0	0	0	0	0	0	58	56	56	62	59	67	67	67	63	64	60	61	64	63	60	64	64	67	67	64	60	63	63	64	68	68	64	66	59	62	62	62	63	59	60	60	57	58	67	64	63	64	64	0	5	64	64	64	65	61	61	67	67	67	66	66	67	66	66	57	54	64	56	56	60	64	60	62	64	62	58	58	61	61	61	61	63	63	63	63
0	0	0	0	0	0	0	0	0	0	0	0	0	0	0	0	0	0	0	0	0	0	0	0	0	0	0	0	0	0	0	0	0	0	0	0	0	0	0	0	0	0	0	0	0	0	0	0	0	0	0	0	0	0	0	0	0	0	0	0	0	0	0	0	0	0	0	0	0	0	0	0	0	0	0	0	0	0	0	0	0	58	52	52	62	55	67	67	67	63	64	60	61	64	63	61	64	64	67	67	64	60	59	59	64	68	68	64	66	59	62	62	62	59	59	60	60	57	58	67	64	63	64	64	5	0	64	64	64	65	61	61	65	65	65	64	64	65	64	64	57	55	64	57	57	61	64	61	62	64	62	58	58	61	61	61	61	63	63	63	61
0	0	0	0	0	0	0	0	0	0	0	0	0	0	0	0	0	0	0	0	0	0	0	0	0	0	0	0	0	0	0	0	0	0	0	0	0	0	0	0	0	0	0	0	0	0	0	0	0	0	0	0	0	0	0	0	0	0	0	0	0	0	0	0	0	0	0	0	0	0	0	0	0	0	0	0	0	0	0	0	0	43	54	55	56	51	48	52	47	40	42	38	39	40	55	48	40	40	43	43	36	46	54	54	45	61	61	60	43	41	41	42	41	51	51	55	51	54	50	57	37	39	34	35	64	64	0	24	21	37	45	45	46	46	54	46	50	46	48	49	46	52	46	53	53	47	50	49	42	44	44	40	45	33	38	38	39	45	41	45	54
0	0	0	0	0	0	0	0	0	0	0	0	0	0	0	0	0	0	0	0	0	0	0	0	0	0	0	0	0	0	0	0	0	0	0	0	0	0	0	0	0	0	0	0	0	0	0	0	0	0	0	0	0	0	0	0	0	0	0	0	0	0	0	0	0	0	0	0	0	0	0	0	0	0	0	0	0	0	0	0	0	33	49	51	55	58	52	53	43	40	40	31	35	36	43	47	29	29	46	46	40	50	51	50	43	65	65	55	46	42	44	45	44	53	48	57	53	53	57	51	25	29	21	22	64	64	24	0	13	40	47	47	40	39	52	40	44	43	40	43	48	56	41	57	53	53	53	53	35	45	45	41	44	32	37	37	39	40	40	40	45
0	0	0	0	0	0	0	0	0	0	0	0	0	0	0	0	0	0	0	0	0	0	0	0	0	0	0	0	0	0	0	0	0	0	0	0	0	0	0	0	0	0	0	0	0	0	0	0	0	0	0	0	0	0	0	0	0	0	0	0	0	0	0	0	0	0	0	0	0	0	0	0	0	0	0	0	0	0	0	0	0	39	49	51	54	58	49	53	40	40	40	34	38	38	49	43	32	32	43	43	42	47	49	49	43	68	68	58	43	39	41	42	41	53	48	57	53	53	57	54	31	35	21	22	64	64	21	13	0	40	40	40	39	38	51	45	49	42	45	46	44	53	44	57	53	53	52	53	38	45	45	41	45	38	43	43	39	40	40	40	47
0	0	0	0	0	0	0	0	0	0	0	0	0	0	0	0	0	0	0	0	0	0	0	0	0	0	0	0	0	0	0	0	0	0	0	0	0	0	0	0	0	0	0	0	0	0	0	0	0	0	0	0	0	0	0	0	0	0	0	0	0	0	0	0	0	0	0	0	0	0	0	0	0	0	0	0	0	0	0	0	0	46	55	55	59	53	43	47	42	37	44	39	43	50	39	41	47	46	40	40	45	52	59	59	45	66	66	69	44	44	43	43	42	48	53	57	57	59	52	62	48	46	48	49	65	65	37	40	40	0	33	33	30	30	42	28	32	30	30	34	47	56	57	59	59	58	58	58	43	43	43	44	37	33	40	40	32	40	40	44	37
0	0	0	0	0	0	0	0	0	0	0	0	0	0	0	0	0	0	0	0	0	0	0	0	0	0	0	0	0	0	0	0	0	0	0	0	0	0	0	0	0	0	0	0	0	0	0	0	0	0	0	0	0	0	0	0	0	0	0	0	0	0	0	0	0	0	0	0	0	0	0	0	0	0	0	0	0	0	0	0	0	55	57	57	52	60	42	43	38	47	51	38	43	47	44	42	52	49	40	40	46	46	59	59	49	70	70	69	44	44	43	42	42	55	56	59	59	56	58	62	46	46	44	44	61	61	45	47	40	33	0	4	37	37	50	38	42	38	37	38	45	56	57	60	59	59	55	59	46	47	45	47	47	40	46	47	36	43	43	47	36
0	0	0	0	0	0	0	0	0	0	0	0	0	0	0	0	0	0	0	0	0	0	0	0	0	0	0	0	0	0	0	0	0	0	0	0	0	0	0	0	0	0	0	0	0	0	0	0	0	0	0	0	0	0	0	0	0	0	0	0	0	0	0	0	0	0	0	0	0	0	0	0	0	0	0	0	0	0	0	0	0	55	57	57	52	60	42	43	38	47	51	38	43	47	40	42	52	49	40	40	46	46	59	59	49	70	70	69	44	44	43	42	42	55	56	59	59	56	58	62	46	46	44	44	61	61	45	47	40	33	4	0	33	33	46	34	38	34	33	34	45	56	57	60	59	59	55	59	46	47	45	47	47	40	46	47	36	43	43	47	36
0	0	0	0	0	0	0	0	0	0	0	0	0	0	0	0	0	0	0	0	0	0	0	0	0	0	0	0	0	0	0	0	0	0	0	0	0	0	0	0	0	0	0	0	0	0	0	0	0	0	0	0	0	0	0	0	0	0	0	0	0	0	0	0	0	0	0	0	0	0	0	0	0	0	0	0	0	0	0	0	0	52	48	50	56	53	41	45	32	45	49	44	48	45	36	41	45	45	40	40	43	49	53	51	44	67	67	64	40	44	43	42	42	49	51	52	56	55	55	59	42	42	43	43	67	65	46	40	39	30	37	33	0	3	16	14	18	7	14	19	51	55	56	60	56	60	60	60	42	49	49	49	44	42	43	43	42	43	43	47	30
0	0	0	0	0	0	0	0	0	0	0	0	0	0	0	0	0	0	0	0	0	0	0	0	0	0	0	0	0	0	0	0	0	0	0	0	0	0	0	0	0	0	0	0	0	0	0	0	0	0	0	0	0	0	0	0	0	0	0	0	0	0	0	0	0	0	0	0	0	0	0	0	0	0	0	0	0	0	0	0	0	52	47	49	53	52	40	44	31	45	49	44	48	45	35	41	45	45	40	40	46	49	56	54	41	67	67	64	43	44	43	42	42	49	50	55	59	52	55	59	41	42	42	42	67	65	46	39	38	30	37	33	3	0	19	17	21	10	17	22	51	52	55	59	55	59	59	59	42	49	49	49	44	42	43	43	42	43	43	47	29
0	0	0	0	0	0	0	0	0	0	0	0	0	0	0	0	0	0	0	0	0	0	0	0	0	0	0	0	0	0	0	0	0	0	0	0	0	0	0	0	0	0	0	0	0	0	0	0	0	0	0	0	0	0	0	0	0	0	0	0	0	0	0	0	0	0	0	0	0	0	0	0	0	0	0	0	0	0	0	0	0	49	56	58	61	57	53	57	48	61	61	60	61	57	41	54	53	53	49	49	55	58	58	56	52	67	67	64	45	49	51	51	51	58	60	56	60	59	59	63	51	51	55	55	67	65	54	52	51	42	50	46	16	19	0	26	26	20	26	31	59	59	64	64	64	64	64	64	58	61	61	61	56	54	51	51	54	55	55	47	38
0	0	0	0	0	0	0	0	0	0	0	0	0	0	0	0	0	0	0	0	0	0	0	0	0	0	0	0	0	0	0	0	0	0	0	0	0	0	0	0	0	0	0	0	0	0	0	0	0	0	0	0	0	0	0	0	0	0	0	0	0	0	0	0	0	0	0	0	0	0	0	0	0	0	0	0	0	0	0	0	0	47	51	53	57	51	45	48	42	49	53	45	49	50	33	45	44	46	44	44	44	54	53	51	44	66	66	63	44	48	46	45	45	48	52	55	55	54	51	58	43	43	43	43	66	64	46	40	45	28	38	34	14	17	26	0	4	10	4	12	55	57	59	59	60	59	60	60	42	48	48	48	49	42	49	49	42	50	50	54	27
0	0	0	0	0	0	0	0	0	0	0	0	0	0	0	0	0	0	0	0	0	0	0	0	0	0	0	0	0	0	0	0	0	0	0	0	0	0	0	0	0	0	0	0	0	0	0	0	0	0	0	0	0	0	0	0	0	0	0	0	0	0	0	0	0	0	0	0	0	0	0	0	0	0	0	0	0	0	0	0	0	47	51	53	57	51	49	52	46	53	57	49	53	54	33	49	44	46	48	48	48	58	53	51	44	66	66	63	44	48	50	49	49	52	56	55	55	54	49	56	47	47	47	47	66	64	50	44	49	32	42	38	18	21	26	4	0	14	8	16	55	57	59	59	60	59	60	60	46	52	52	52	53	46	49	49	46	46	46	54	31
0	0	0	0	0	0	0	0	0	0	0	0	0	0	0	0	0	0	0	0	0	0	0	0	0	0	0	0	0	0	0	0	0	0	0	0	0	0	0	0	0	0	0	0	0	0	0	0	0	0	0	0	0	0	0	0	0	0	0	0	0	0	0	0	0	0	0	0	0	0	0	0	0	0	0	0	0	0	0	0	0	49	51	53	57	53	39	45	35	48	52	47	45	48	29	39	46	48	41	41	43	51	50	48	44	63	63	60	41	45	43	42	42	44	48	52	56	53	51	58	39	39	46	46	67	65	46	43	42	30	38	34	7	10	20	10	14	0	10	15	54	53	59	58	59	58	60	60	45	49	49	49	44	42	43	43	42	46	46	50	30
0	0	0	0	0	0	0	0	0	0	0	0	0	0	0	0	0	0	0	0	0	0	0	0	0	0	0	0	0	0	0	0	0	0	0	0	0	0	0	0	0	0	0	0	0	0	0	0	0	0	0	0	0	0	0	0	0	0	0	0	0	0	0	0	0	0	0	0	0	0	0	0	0	0	0	0	0	0	0	0	0	47	51	53	56	53	45	48	42	49	53	45	49	50	33	45	44	46	43	43	44	53	53	51	44	62	62	59	43	47	42	41	41	48	52	55	55	55	52	54	43	43	43	43	66	64	48	40	45	30	37	33	14	17	26	4	8	10	0	8	55	58	59	60	60	60	60	60	42	44	44	44	49	42	49	49	42	50	50	54	27
0	0	0	0	0	0	0	0	0	0	0	0	0	0	0	0	0	0	0	0	0	0	0	0	0	0	0	0	0	0	0	0	0	0	0	0	0	0	0	0	0	0	0	0	0	0	0	0	0	0	0	0	0	0	0	0	0	0	0	0	0	0	0	0	0	0	0	0	0	0	0	0	0	0	0	0	0	0	0	0	0	50	55	57	56	57	46	48	41	49	53	44	48	52	41	46	52	54	44	44	45	54	53	53	48	61	61	58	44	48	43	42	42	51	56	55	55	55	56	53	46	46	47	47	66	64	49	43	46	34	38	34	19	22	31	12	16	15	8	0	56	59	58	60	60	60	60	60	46	44	44	44	49	42	49	49	43	51	51	55	27
0	0	0	0	0	0	0	0	0	0	0	0	0	0	0	0	0	0	0	0	0	0	0	0	0	0	0	0	0	0	0	0	0	0	0	0	0	0	0	0	0	0	0	0	0	0	0	0	0	0	0	0	0	0	0	0	0	0	0	0	0	0	0	0	0	0	0	0	0	0	0	0	0	0	0	0	0	0	0	0	0	56	41	41	49	50	49	48	44	51	51	47	54	51	56	54	45	44	50	50	54	54	44	44	54	66	66	63	54	54	55	55	55	53	48	42	42	39	46	63	49	48	45	45	57	57	46	48	44	47	45	45	51	51	59	55	55	54	55	56	0	27	32	42	38	41	25	37	54	59	58	55	47	52	54	54	51	51	51	51	59
0	0	0	0	0	0	0	0	0	0	0	0	0	0	0	0	0	0	0	0	0	0	0	0	0	0	0	0	0	0	0	0	0	0	0	0	0	0	0	0	0	0	0	0	0	0	0	0	0	0	0	0	0	0	0	0	0	0	0	0	0	0	0	0	0	0	0	0	0	0	0	0	0	0	0	0	0	0	0	0	0	60	45	45	41	37	47	47	47	60	57	60	54	58	56	50	53	53	48	52	54	49	37	37	48	68	68	68	47	51	49	49	49	53	38	38	38	29	37	67	50	51	52	52	54	55	52	56	53	56	56	56	55	52	59	57	57	53	58	59	27	0	43	25	29	33	29	33	54	56	55	51	51	55	54	54	55	52	52	52	63
0	0	0	0	0	0	0	0	0	0	0	0	0	0	0	0	0	0	0	0	0	0	0	0	0	0	0	0	0	0	0	0	0	0	0	0	0	0	0	0	0	0	0	0	0	0	0	0	0	0	0	0	0	0	0	0	0	0	0	0	0	0	0	0	0	0	0	0	0	0	0	0	0	0	0	0	0	0	0	0	0	56	37	37	43	45	56	52	52	54	54	47	51	53	54	59	46	46	59	59	56	59	47	46	58	58	59	59	58	55	60	60	60	55	44	47	43	51	50	57	52	52	48	48	64	64	46	41	44	57	57	57	56	55	64	59	59	59	59	58	32	43	0	33	29	33	26	29	51	56	56	52	55	55	56	56	59	56	56	56	63
0	0	0	0	0	0	0	0	0	0	0	0	0	0	0	0	0	0	0	0	0	0	0	0	0	0	0	0	0	0	0	0	0	0	0	0	0	0	0	0	0	0	0	0	0	0	0	0	0	0	0	0	0	0	0	0	0	0	0	0	0	0	0	0	0	0	0	0	0	0	0	0	0	0	0	0	0	0	0	0	0	60	32	32	30	28	53	49	56	58	53	60	54	58	57	53	50	50	53	57	53	54	44	44	47	65	66	64	50	52	54	54	54	54	38	35	35	35	42	66	54	52	58	58	56	57	53	57	57	59	60	60	60	59	64	59	59	58	60	60	42	25	33	0	4	14	24	12	52	55	55	52	56	60	59	59	60	60	60	60	64
0	0	0	0	0	0	0	0	0	0	0	0	0	0	0	0	0	0	0	0	0	0	0	0	0	0	0	0	0	0	0	0	0	0	0	0	0	0	0	0	0	0	0	0	0	0	0	0	0	0	0	0	0	0	0	0	0	0	0	0	0	0	0	0	0	0	0	0	0	0	0	0	0	0	0	0	0	0	0	0	0	61	28	28	29	28	53	49	52	54	49	56	55	54	58	54	46	46	52	56	53	53	45	45	47	65	66	64	49	51	54	54	54	55	39	35	35	39	46	66	55	53	54	54	56	57	53	53	53	59	59	59	56	55	64	60	60	59	60	60	38	29	29	4	0	18	24	12	48	55	55	52	56	60	59	59	60	56	56	56	64
0	0	0	0	0	0	0	0	0	0	0	0	0	0	0	0	0	0	0	0	0	0	0	0	0	0	0	0	0	0	0	0	0	0	0	0	0	0	0	0	0	0	0	0	0	0	0	0	0	0	0	0	0	0	0	0	0	0	0	0	0	0	0	0	0	0	0	0	0	0	0	0	0	0	0	0	0	0	0	0	0	59	32	32	28	32	54	55	56	54	52	56	50	53	57	52	46	46	55	59	51	56	44	44	48	65	66	62	48	54	56	56	56	54	42	47	47	37	41	62	51	53	57	57	60	61	47	53	53	58	59	59	60	59	64	59	59	58	60	60	41	33	33	14	18	0	20	10	56	58	58	60	51	56	55	55	56	56	56	56	64
0	0	0	0	0	0	0	0	0	0	0	0	0	0	0	0	0	0	0	0	0	0	0	0	0	0	0	0	0	0	0	0	0	0	0	0	0	0	0	0	0	0	0	0	0	0	0	0	0	0	0	0	0	0	0	0	0	0	0	0	0	0	0	0	0	0	0	0	0	0	0	0	0	0	0	0	0	0	0	0	0	61	36	36	30	36	52	48	52	58	55	56	52	57	59	60	46	46	52	56	53	58	46	46	50	66	67	63	56	56	57	57	57	56	41	43	43	43	47	62	57	57	56	56	64	64	50	53	52	58	55	55	60	59	64	60	60	60	60	60	25	29	26	24	24	20	0	12	60	60	60	56	55	60	59	59	60	60	60	60	64
0	0	0	0	0	0	0	0	0	0	0	0	0	0	0	0	0	0	0	0	0	0	0	0	0	0	0	0	0	0	0	0	0	0	0	0	0	0	0	0	0	0	0	0	0	0	0	0	0	0	0	0	0	0	0	0	0	0	0	0	0	0	0	0	0	0	0	0	0	0	0	0	0	0	0	0	0	0	0	0	0	61	32	32	26	32	53	49	56	56	51	56	52	57	59	55	46	46	53	57	49	54	46	46	46	65	66	60	50	52	54	54	54	56	44	43	43	39	46	62	55	53	57	57	60	61	49	53	53	58	59	59	60	59	64	60	60	60	60	60	37	33	29	12	12	10	12	0	56	59	59	56	55	60	59	59	60	60	60	60	64
0	0	0	0	0	0	0	0	0	0	0	0	0	0	0	0	0	0	0	0	0	0	0	0	0	0	0	0	0	0	0	0	0	0	0	0	0	0	0	0	0	0	0	0	0	0	0	0	0	0	0	0	0	0	0	0	0	0	0	0	0	0	0	0	0	0	0	0	0	0	0	0	0	0	0	0	0	0	0	0	0	47	48	48	50	51	38	39	31	38	37	39	43	40	51	40	41	41	41	41	37	48	49	53	40	64	64	69	39	42	45	45	44	54	49	53	49	54	59	57	43	43	36	37	62	62	42	35	38	43	46	46	42	42	58	42	46	45	42	46	54	54	51	52	48	56	60	56	0	20	24	17	37	30	35	35	27	34	32	38	50
0	0	0	0	0	0	0	0	0	0	0	0	0	0	0	0	0	0	0	0	0	0	0	0	0	0	0	0	0	0	0	0	0	0	0	0	0	0	0	0	0	0	0	0	0	0	0	0	0	0	0	0	0	0	0	0	0	0	0	0	0	0	0	0	0	0	0	0	0	0	0	0	0	0	0	0	0	0	0	0	0	56	55	55	58	55	36	36	39	43	39	39	40	48	56	31	53	53	42	42	38	50	51	55	40	61	62	66	46	47	43	43	42	55	50	54	50	60	60	54	52	52	48	49	64	64	44	45	45	43	47	47	49	49	61	48	52	49	44	44	59	56	56	55	55	58	60	59	20	0	4	16	38	35	40	40	30	39	38	43	52
0	0	0	0	0	0	0	0	0	0	0	0	0	0	0	0	0	0	0	0	0	0	0	0	0	0	0	0	0	0	0	0	0	0	0	0	0	0	0	0	0	0	0	0	0	0	0	0	0	0	0	0	0	0	0	0	0	0	0	0	0	0	0	0	0	0	0	0	0	0	0	0	0	0	0	0	0	0	0	0	0	56	55	55	58	55	40	40	43	43	43	39	40	48	54	35	53	53	42	42	42	46	50	54	44	61	62	66	46	47	43	43	42	53	50	54	50	59	59	54	51	51	47	48	62	62	44	45	45	43	45	45	49	49	61	48	52	49	44	44	58	55	56	55	55	58	60	59	24	4	0	20	38	39	44	44	34	43	42	47	50
0	0	0	0	0	0	0	0	0	0	0	0	0	0	0	0	0	0	0	0	0	0	0	0	0	0	0	0	0	0	0	0	0	0	0	0	0	0	0	0	0	0	0	0	0	0	0	0	0	0	0	0	0	0	0	0	0	0	0	0	0	0	0	0	0	0	0	0	0	0	0	0	0	0	0	0	0	0	0	0	0	50	56	56	58	55	39	35	38	38	37	39	40	43	56	43	49	49	43	43	35	46	51	55	38	61	62	62	46	41	38	38	37	55	51	46	42	56	59	50	46	46	42	43	58	58	40	41	41	44	47	47	49	49	61	48	52	49	44	44	55	51	52	52	52	60	56	56	17	16	20	0	32	28	33	33	23	35	34	39	52
0	0	0	0	0	0	0	0	0	0	0	0	0	0	0	0	0	0	0	0	0	0	0	0	0	0	0	0	0	0	0	0	0	0	0	0	0	0	0	0	0	0	0	0	0	0	0	0	0	0	0	0	0	0	0	0	0	0	0	0	0	0	0	0	0	0	0	0	0	0	0	0	0	0	0	0	0	0	0	0	0	53	56	56	54	55	40	41	42	38	40	41	42	38	52	47	52	51	45	45	42	45	49	53	43	62	62	59	48	43	43	43	42	50	52	47	51	49	53	58	42	42	46	47	58	58	45	44	45	37	47	47	44	44	56	49	53	44	49	49	47	51	55	56	56	51	55	55	37	38	38	32	0	22	27	23	16	32	31	36	51
0	0	0	0	0	0	0	0	0	0	0	0	0	0	0	0	0	0	0	0	0	0	0	0	0	0	0	0	0	0	0	0	0	0	0	0	0	0	0	0	0	0	0	0	0	0	0	0	0	0	0	0	0	0	0	0	0	0	0	0	0	0	0	0	0	0	0	0	0	0	0	0	0	0	0	0	0	0	0	0	0	42	59	59	59	59	37	42	39	38	37	32	36	38	50	36	48	48	44	44	32	47	58	57	37	64	64	62	47	42	42	42	41	55	56	54	54	56	58	55	40	40	43	44	61	61	33	32	38	33	40	40	42	42	54	42	46	42	42	42	52	55	55	60	60	56	60	60	30	35	39	28	22	0	11	7	9	27	25	31	46
0	0	0	0	0	0	0	0	0	0	0	0	0	0	0	0	0	0	0	0	0	0	0	0	0	0	0	0	0	0	0	0	0	0	0	0	0	0	0	0	0	0	0	0	0	0	0	0	0	0	0	0	0	0	0	0	0	0	0	0	0	0	0	0	0	0	0	0	0	0	0	0	0	0	0	0	0	0	0	0	0	45	59	59	54	58	34	39	40	42	41	39	40	39	47	41	47	47	47	47	37	50	58	57	37	61	61	59	45	41	46	46	45	59	60	54	58	55	59	55	41	41	48	49	61	61	38	37	43	40	46	46	43	43	51	49	49	43	49	49	54	54	56	59	59	55	59	59	35	40	44	33	27	11	0	4	20	27	25	31	54
0	0	0	0	0	0	0	0	0	0	0	0	0	0	0	0	0	0	0	0	0	0	0	0	0	0	0	0	0	0	0	0	0	0	0	0	0	0	0	0	0	0	0	0	0	0	0	0	0	0	0	0	0	0	0	0	0	0	0	0	0	0	0	0	0	0	0	0	0	0	0	0	0	0	0	0	0	0	0	0	0	45	59	59	55	58	38	43	40	42	41	39	40	39	47	41	47	47	48	48	36	51	58	57	36	61	61	59	46	42	46	46	45	59	60	50	54	55	59	55	41	41	48	49	61	61	38	37	43	40	47	47	43	43	51	49	49	43	49	49	54	54	56	59	59	55	59	59	35	40	44	33	23	7	4	0	16	27	25	31	53
0	0	0	0	0	0	0	0	0	0	0	0	0	0	0	0	0	0	0	0	0	0	0	0	0	0	0	0	0	0	0	0	0	0	0	0	0	0	0	0	0	0	0	0	0	0	0	0	0	0	0	0	0	0	0	0	0	0	0	0	0	0	0	0	0	0	0	0	0	0	0	0	0	0	0	0	0	0	0	0	0	46	59	59	59	59	32	34	33	37	35	32	36	34	50	36	47	44	36	36	32	43	54	58	33	69	69	66	39	34	34	34	33	54	56	54	54	52	57	59	40	40	40	41	61	61	39	39	39	32	36	36	42	42	54	42	46	42	42	43	51	55	59	60	60	56	60	60	27	30	34	23	16	9	20	16	0	19	18	23	42
0	0	0	0	0	0	0	0	0	0	0	0	0	0	0	0	0	0	0	0	0	0	0	0	0	0	0	0	0	0	0	0	0	0	0	0	0	0	0	0	0	0	0	0	0	0	0	0	0	0	0	0	0	0	0	0	0	0	0	0	0	0	0	0	0	0	0	0	0	0	0	0	0	0	0	0	0	0	0	0	0	51	56	56	55	56	34	36	31	35	33	32	35	38	50	37	39	36	39	39	37	43	51	55	36	71	71	63	35	34	35	35	34	53	55	59	59	55	53	53	46	46	43	44	63	63	45	40	40	40	43	43	43	43	55	50	46	46	50	51	51	52	56	60	56	56	60	60	34	39	43	35	32	27	27	27	19	0	4	8	51
0	0	0	0	0	0	0	0	0	0	0	0	0	0	0	0	0	0	0	0	0	0	0	0	0	0	0	0	0	0	0	0	0	0	0	0	0	0	0	0	0	0	0	0	0	0	0	0	0	0	0	0	0	0	0	0	0	0	0	0	0	0	0	0	0	0	0	0	0	0	0	0	0	0	0	0	0	0	0	0	0	51	56	56	55	56	34	36	31	39	37	36	39	34	50	40	43	40	39	39	37	43	51	55	36	67	67	67	35	34	35	35	34	53	55	59	59	55	53	57	46	46	43	44	63	63	41	40	40	40	43	43	43	43	55	50	46	46	50	51	51	52	56	60	56	56	60	60	32	38	42	34	31	25	25	25	18	4	0	12	51
0	0	0	0	0	0	0	0	0	0	0	0	0	0	0	0	0	0	0	0	0	0	0	0	0	0	0	0	0	0	0	0	0	0	0	0	0	0	0	0	0	0	0	0	0	0	0	0	0	0	0	0	0	0	0	0	0	0	0	0	0	0	0	0	0	0	0	0	0	0	0	0	0	0	0	0	0	0	0	0	0	51	56	56	55	56	38	40	35	39	33	36	39	38	50	41	39	36	39	39	41	43	51	55	40	71	71	63	35	34	35	36	35	53	55	59	59	55	55	59	46	46	43	44	63	63	45	40	40	44	47	47	47	47	47	54	54	50	54	55	51	52	56	60	56	56	60	60	38	43	47	39	36	31	31	31	23	8	12	0	55
0	0	0	0	0	0	0	0	0	0	0	0	0	0	0	0	0	0	0	0	0	0	0	0	0	0	0	0	0	0	0	0	0	0	0	0	0	0	0	0	0	0	0	0	0	0	0	0	0	0	0	0	0	0	0	0	0	0	0	0	0	0	0	0	0	0	0	0	0	0	0	0	0	0	0	0	0	0	0	0	0	52	55	57	61	57	50	47	42	52	56	45	49	52	42	49	53	50	48	48	51	58	61	59	40	70	70	67	52	52	50	49	49	53	52	62	62	55	57	60	43	47	43	42	63	61	54	45	47	37	36	36	30	29	38	27	31	30	27	27	59	63	63	64	64	64	64	64	50	52	50	52	51	46	54	53	42	51	51	55	0
